Country,Year,Current health expenditure (% of GDP),Domestic general government health expenditure (% of GDP),Domestic private health expenditure (% of current health expenditure),Prevalence of undernourishment (% of population),CoHD_pov,CoHD,CoHD_headcount,sdg3_matmort,sdg3_neonat,sdg3_u5mort,sdg3_tb,sdg3_ncds,sdg3_lifee,sdg3_fertility,sdg3_vac,id,goal3-achievementlevel,Code,Income_Group,Continent
Albania,2017,6.57848787,2.77448845,57.27444458,4.2,0.97,3.04,24.3,6.69,6.66,9.334,20.0,12.22,79.047,15.99,96.0,ALB,81.94821428571429,ALB,Upper-middle-income countries,E. Europe & C. Asia
Albania,2018,6.66844559,2.87454414,56.4724884,4.1,0.99,3.13,17.5,5.43,6.931,9.343,18.0,11.79,79.184,14.27,94.0,ALB,82.71335714285713,ALB,Upper-middle-income countries,E. Europe & C. Asia
Albania,2019,6.86214113,2.92877913,56.65520096,4.1,1.05,3.32,15.3,5.31,7.094,9.385,16.0,11.4,79.282,14.03,95.0,ALB,83.159,ALB,Upper-middle-income countries,E. Europe & C. Asia
Albania,2020,7.51920271,2.99610233,59.47789383,4.1,1.08,3.4,14.1,8.28,7.151,9.428,15.0,11.803333333333333,76.989,13.15,91.0,ALB,82.77557142857142,ALB,Upper-middle-income countries,E. Europe & C. Asia
Albania,2021,7.26731825,2.88419509,59.76841354,4.1,1.13,3.55,12.6,6.4275,7.09,9.457,15.0,11.803333333333333,76.46300000000001,11.79,87.0,ALB,82.27035714285715,ALB,Upper-middle-income countries,E. Europe & C. Asia
Armenia,2017,10.36,1.37,85.47,2.5,1.02,3.21,49.3,25.0,6.841,13.12,36.0,21.31,74.906,21.06,96.0,ARM,76.42285714285715,ARM,Upper-middle-income countries,E. Europe & C. Asia
Armenia,2018,10.01,1.23,86.44,2.5,1.04,3.28,49.5,25.1,6.516,12.497,31.0,19.99,75.06400000000001,18.91,95.0,ARM,77.394,ARM,Upper-middle-income countries,E. Europe & C. Asia
Armenia,2019,11.38,1.41,86.6,2.5,1.06,3.36,53.3,24.94,6.207,11.901,26.0,19.93,75.43900000000001,16.71,95.0,ARM,78.70264285714286,ARM,Upper-middle-income countries,E. Europe & C. Asia
Armenia,2020,12.24,2.36,79.64,2.5,1.07,3.37,53.8,27.19,5.905,11.338,25.0,20.41,72.173,13.92,94.0,ARM,78.003,ARM,Upper-middle-income countries,E. Europe & C. Asia
Armenia,2021,12.34,2.19,81.35,2.5,1.16,3.66,54.1,25.5575,5.611,10.795,25.0,20.41,72.043,12.8,94.0,ARM,79.04642857142858,ARM,Upper-middle-income countries,E. Europe & C. Asia
Australia,2017,10.12281322,7.21305084,28.7446022,2.5,0.21,2.33,2.9,4.77,2.332,3.794,6.7,8.700000000000001,83.001,10.16,94.0,AUS,95.64035714285713,AUS,High-income countries,OECD
Australia,2018,10.05971909,7.18990898,28.52773666,2.5,0.21,2.36,3.2,4.42,2.341,3.786,6.600000000000001,8.72,83.387,9.43,94.0,AUS,95.57957142857143,AUS,High-income countries,OECD
Australia,2019,10.21965981,7.53585672,26.26117706,2.5,0.21,2.4,3.2,5.09,2.352,3.783,6.8,8.59,83.11,8.67,94.0,AUS,95.69071428571428,AUS,High-income countries,OECD
Australia,2020,10.6837368,7.87186623,26.31917,2.5,0.22,2.51,3.5,2.94,2.358,3.778,7.2,8.67,84.324,7.76,93.0,AUS,95.47785714285713,AUS,High-income countries,OECD
Australia,2021,10.54363918,8.01731968,23.96060181,2.5,0.23,2.58,3.2,4.305,2.357,3.772,6.5,8.67,84.526,6.91,93.0,AUS,95.59671428571428,AUS,High-income countries,OECD
Austria,2017,10.38,7.66,26.19,2.5,0.18,2.06,2.5,5.14,2.213,3.596,7.3,10.82,81.639,6.8,94.0,AUT,94.19084615384615,AUT,High-income countries,OECD
Austria,2018,10.35,7.71,25.53,2.5,0.19,2.11,2.3,5.83,2.198,3.546,6.100000000000001,10.92,81.686,5.48,90.0,AUT,93.94392307692307,AUT,High-income countries,OECD
Austria,2019,10.49,7.85,25.12,2.5,0.2,2.19,2.7,5.5,2.183,3.487,6.0,10.37,81.908,5.21,93.0,AUT,94.24276923076923,AUT,High-income countries,OECD
Austria,2020,11.39,8.74,23.26,2.5,0.21,2.31,2.5,5.23,2.155,3.412,4.9,10.703333333333333,81.504,5.02,95.0,AUT,94.43707692307693,AUT,High-income countries,OECD
Austria,2021,12.1,9.47,21.75,2.5,0.22,2.43,3.4,5.425,2.109,3.317,5.0,10.703333333333333,81.58,4.15,96.0,AUT,94.59453846153846,AUT,High-income countries,OECD
Azerbaijan,2017,4.07,1.0,74.73,2.5,0.91,2.87,0.7,26.89,11.739,23.166,66.0,28.17,72.248,45.66,97.0,AZE,72.39200000000001,AZE,Upper-middle-income countries,E. Europe & C. Asia
Azerbaijan,2018,3.84,0.89,76.23,2.5,0.93,2.93,0.7,27.6,11.011,21.798,63.0,27.44,72.76,43.48,96.0,AZE,73.06442857142858,AZE,Upper-middle-income countries,E. Europe & C. Asia
Azerbaijan,2019,4.18,1.07,74.14,2.5,0.95,3.0,0.7,26.87,10.402,20.652,60.0,27.2,73.102,47.3,96.0,AZE,73.96778571428572,AZE,Upper-middle-income countries,E. Europe & C. Asia
Azerbaijan,2020,5.85,2.33,59.95,2.5,0.98,3.09,1.2,40.76,9.911,19.705,58.0,27.603333333333335,66.868,41.56,82.0,AZE,71.08335714285714,AZE,Upper-middle-income countries,E. Europe & C. Asia
Azerbaijan,2021,4.7,1.49,68.02,2.5,1.04,3.28,0.7,30.53,9.461,18.844,62.0,27.603333333333335,69.366,29.37,92.0,AZE,71.07035714285713,AZE,Upper-middle-income countries,E. Europe & C. Asia
Bangladesh,2017,2.36720181,0.50250494,72.72188568,13.6,1.49,3.03,65.0,183.4,21.847,35.134,221.0,18.81,71.788,82.73,97.0,BGD,59.32621428571427,BGD,Lower-middle-income countries,East & South Asia
Bangladesh,2018,2.31622243,0.48568422,73.20014191,12.7,1.53,3.13,61.4,172.1,20.725,33.607,221.0,18.87,72.56700000000001,75.0,97.0,BGD,59.22642857142856,BGD,Lower-middle-income countries,East & South Asia
Bangladesh,2019,2.25762248,0.44679779,74.64625549,11.8,1.56,3.18,58.5,157.2,19.728,32.219,221.0,18.89,72.806,74.0,97.0,BGD,61.60421428571428,BGD,Lower-middle-income countries,East & South Asia
Bangladesh,2020,2.27063942,0.40977541,76.54676056,11.7,1.58,3.23,55.8,123.0,18.835,30.966,221.0,18.856666666666666,71.968,74.0,97.0,BGD,62.21042857142857,BGD,Lower-middle-income countries,East & South Asia
Bangladesh,2021,2.36492991,0.39927667,75.47958374,11.2,1.65,3.37,51.7,158.925,18.052,29.823,221.0,18.856666666666666,72.381,72.0,97.0,BGD,60.17342857142857,BGD,Lower-middle-income countries,East & South Asia
Belarus,2017,5.76,3.98,30.51,2.5,0.99,3.13,3.2,1.31,1.354,3.614,37.0,24.24,74.452,13.37,97.0,BLR,82.58164285714285,BLR,Upper-middle-income countries,E. Europe & C. Asia
Belarus,2018,5.53,3.9,29.23,2.5,1.01,3.18,1.9,1.11,1.216,3.37,31.0,24.33,74.568,11.65,98.0,BLR,82.54578571428571,BLR,Upper-middle-income countries,E. Europe & C. Asia
Belarus,2019,5.86,4.13,29.48,2.5,1.03,3.26,2.4,1.08,1.076,3.129,29.0,23.75,74.21600000000001,12.51,98.0,BLR,84.22457142857142,BLR,Upper-middle-income countries,E. Europe & C. Asia
Belarus,2020,6.41,4.54,28.82,2.5,1.03,3.26,1.2,1.1,0.9530000000000001,2.911,28.0,24.106666666666666,72.513,12.51,97.0,BLR,83.73492857142857,BLR,Upper-middle-income countries,E. Europe & C. Asia
Belarus,2021,6.57,4.87,25.57,2.5,1.09,3.42,1.0,1.15,0.867,2.726,28.0,24.106666666666666,72.438,12.51,98.0,BLR,83.67285714285713,BLR,Upper-middle-income countries,E. Europe & C. Asia
Belgium,2017,10.79855728,8.28564739,23.27079201,2.5,0.18,2.0,2.1,4.91,2.306,4.031,9.3,11.01,81.362,5.9,96.0,BEL,94.00946153846152,BEL,High-income countries,OECD
Belgium,2018,10.86148262,8.31993294,23.3996563,2.5,0.19,2.07,1.2,4.91,2.306,3.985,9.200000000000001,10.79,81.479,5.54,96.0,BEL,94.09615384615384,BEL,High-income countries,OECD
Belgium,2019,10.79477787,8.12080002,24.77102661,2.5,0.19,2.16,1.3,4.600000000000001,2.297,3.929,8.9,10.56,81.831,5.14,96.0,BEL,94.00523076923075,BEL,High-income countries,OECD
Belgium,2020,11.19751263,8.72332096,22.0959034,2.5,0.2,2.28,1.0,4.76,2.279,3.861,7.7,10.786666666666667,80.788,4.92,96.0,BEL,93.88330769230767,BEL,High-income countries,OECD
Belgium,2021,11.04290771,8.56881809,22.4043293,2.5,0.21,2.32,0.8,4.795,2.246,3.781,8.1,10.786666666666667,81.879,4.49,96.0,BEL,94.45030769230767,BEL,High-income countries,OECD
Bhutan,2017,3.3407371,2.48946476,14.31341457,,2.0,4.07,28.9,68.4,15.518,28.234,143.0,18.74,70.84700000000001,8.766666666666666,97.0,BTN,71.97971428571427,BTN,Lower-middle-income countries,East & South Asia
Bhutan,2018,3.2427721,2.57960916,14.39869499,,2.09,4.26,14.1,57.32,14.91,27.208,147.0,18.61,71.129,8.766666666666666,97.0,BTN,72.23157142857141,BTN,Lower-middle-income countries,East & South Asia
Bhutan,2019,3.60361075,2.65109873,19.46735001,,2.15,4.38,18.0,61.61,14.387,26.275,164.0,18.46,71.391,7.8,97.0,BTN,72.98614285714287,BTN,Lower-middle-income countries,East & South Asia
Bhutan,2020,4.36274862,3.40328145,16.85573578,,2.29,4.66,17.4,59.95,13.848,25.377,164.0,18.60333333333333,71.609,8.08,93.0,BTN,72.98442857142857,BTN,Lower-middle-income countries,East & South Asia
Bhutan,2021,3.84550023,2.20846629,20.52117348,,2.43,4.96,21.5,61.81999999999999,13.375,24.511,164.0,18.60333333333333,71.815,10.42,97.0,BTN,74.42835714285715,BTN,Lower-middle-income countries,East & South Asia
Bosnia and Herzegovina,2017,8.82,6.18,29.49,2.5,1.29,4.07,6.1,5.93,4.595,6.36,29.0,18.66,76.935,9.81,69.0,BIH,75.48207692307693,BIH,Upper-middle-income countries,E. Europe & C. Asia
Bosnia and Herzegovina,2018,8.76,6.12,29.71,2.5,1.31,4.13,5.7,5.55,4.547,6.342000000000001,25.0,18.77,77.093,9.88,68.0,BIH,77.246,BIH,Upper-middle-income countries,E. Europe & C. Asia
Bosnia and Herzegovina,2019,8.93,6.13,29.73,2.5,1.38,4.34,5.6,5.39,4.505,6.303,27.0,18.72,77.241,9.74,65.0,BIH,76.94353846153847,BIH,Upper-middle-income countries,E. Europe & C. Asia
Bosnia and Herzegovina,2020,9.7,6.75,29.02,2.5,1.38,4.34,5.7,5.67,4.461,6.236,26.0,18.716666666666665,76.22500000000001,9.81,61.0,BIH,75.28184615384616,BIH,Upper-middle-income countries,E. Europe & C. Asia
Bosnia and Herzegovina,2021,9.56,6.53,31.03,2.5,1.45,4.58,5.0,5.635,4.419,6.143,25.0,18.716666666666665,75.3,9.81,61.0,BIH,75.3086153846154,BIH,Upper-middle-income countries,E. Europe & C. Asia
Botswana,2017,6.62986994,5.01613283,14.72867298,26.3,0.99,3.13,63.5,107.6,22.198,44.299,300.0,28.52,66.753,50.0,97.0,BWA,50.96049999999999,BWA,Upper-middle-income countries,Sub-Saharan Africa
Botswana,2018,6.04010344,4.14253378,22.88102341,26.4,0.98,3.09,61.9,162.3,21.732,43.673,275.0,28.19,65.422,48.5,97.0,BWA,51.4667142857143,BWA,Upper-middle-income countries,Sub-Saharan Africa
Botswana,2019,6.12193203,4.37294102,19.00561905,26.4,0.99,3.1,61.3,117.9,21.221,42.643,253.0,27.03,65.464,50.22,97.0,BWA,52.95607142857142,BWA,Upper-middle-income countries,Sub-Saharan Africa
Botswana,2020,6.1213398,4.48994827,20.92662621,24.5,1.01,3.2,61.5,185.9,20.659,41.332,230.0,27.913333333333338,65.647,49.57333333333333,87.0,BWA,52.05121428571429,BWA,Upper-middle-income countries,Sub-Saharan Africa
Botswana,2021,6.30929565,4.82379913,18.18883324,22.9,1.05,3.31,61.2,143.42499999999998,20.275,39.944,228.0,27.913333333333338,61.141,49.57333333333333,97.0,BWA,55.02371428571428,BWA,Upper-middle-income countries,Sub-Saharan Africa
Brazil,2017,9.47124863,3.95314622,58.19537735,2.5,1.02,3.22,27.4,59.7,9.139,15.306,44.0,15.85,74.827,55.35,87.0,BRA,79.44107142857142,BRA,Upper-middle-income countries,LAC
Brazil,2018,9.46475029,3.88923812,58.82274628,2.5,1.02,3.21,26.6,59.18,9.036,15.039,46.0,15.7,75.109,53.28,87.0,BRA,79.835,BRA,Upper-middle-income countries,LAC
Brazil,2019,9.61449146,3.91701889,59.11333466,2.5,1.05,3.3,26.3,60.74,8.945,14.784,46.0,15.5,75.33800000000001,49.78,79.0,BRA,79.71807142857143,BRA,Upper-middle-income countries,LAC
Brazil,2020,10.18235016,4.52904463,55.37608719,3.7,1.12,3.53,19.8,72.15,8.843,14.53,46.0,15.683333333333332,74.009,43.62,79.0,BRA,79.07785714285716,BRA,Upper-middle-income countries,LAC
Brazil,2021,9.89072323,4.50447893,54.32703018,4.7,1.22,3.84,30.2,62.9425,8.716,14.275,49.0,15.683333333333332,72.75,42.57,73.0,BRA,77.86428571428569,BRA,Upper-middle-income countries,LAC
Bulgaria,2017,7.49,4.12,45.06,3.1,1.08,3.39,10.2,7.03,3.65,7.318000000000001,25.0,24.47,74.799,38.16,94.0,BGR,78.52728571428572,BGR,Upper-middle-income countries,E. Europe & C. Asia
Bulgaria,2018,7.33,4.22,42.36,2.8,1.1,3.47,8.4,7.17,3.435,6.993,23.0,24.37,74.898,38.91,93.0,BGR,78.65578571428571,BGR,Upper-middle-income countries,E. Europe & C. Asia
Bulgaria,2019,7.09,4.19,40.84,2.7,1.16,3.67,7.8,6.73,3.223,6.716,21.0,24.16,75.062,39.29,95.0,BGR,79.40907142857142,BGR,Upper-middle-income countries,E. Europe & C. Asia
Bulgaria,2020,8.48,5.07,38.13,2.5,1.21,3.8,5.3,7.09,3.024,6.476,19.0,24.333333333333332,73.645,37.85,88.0,BGR,79.3877142857143,BGR,Upper-middle-income countries,E. Europe & C. Asia
Bulgaria,2021,8.56,5.38,36.6,2.5,1.25,3.94,6.1,7.005,2.846,6.271,17.0,24.333333333333332,71.798,36.52,89.0,BGR,78.74142857142856,BGR,Upper-middle-income countries,E. Europe & C. Asia
Burkina Faso,2017,6.02490044,2.60888934,38.70117188,13.7,1.98,2.67,64.9,283.1,27.051,93.571,49.0,24.39,59.536,113.4,88.0,BFA,44.57978571428571,BFA,Low-income countries,Sub-Saharan Africa
Burkina Faso,2018,5.0057807,2.12782741,42.30843353,14.0,2.06,2.78,62.1,276.6,26.483,90.283,48.0,24.23,60.047,102.31333333333333,88.0,BFA,45.56657142857143,BFA,Low-income countries,Sub-Saharan Africa
Burkina Faso,2019,5.31868935,2.22393513,42.38819504,14.6,2.02,2.73,58.8,283.3,25.993,87.274,47.0,23.93,60.039,100.6,88.0,BFA,46.21792857142857,BFA,Low-income countries,Sub-Saharan Africa
Burkina Faso,2020,6.50193262,2.8256712,38.38487625,15.5,2.09,2.82,59.7,263.8,25.519,84.262,46.0,24.183333333333337,59.731,92.94,88.0,BFA,46.84042857142857,BFA,Low-income countries,Sub-Saharan Africa
Burkina Faso,2021,6.37691164,2.73042727,39.09840012,16.2,2.25,3.04,59.1,276.7,25.113,81.406,45.0,24.183333333333337,59.27,102.31333333333333,88.0,BFA,49.42942857142857,BFA,Low-income countries,Sub-Saharan Africa
Cameroon,2017,3.39752436,0.14120807,86.35810089,5.6,1.26,2.58,52.4,443.0,28.982,82.706,194.0,24.39,60.81,122.2,65.0,CMR,37.76914285714286,CMR,Lower-middle-income countries,Sub-Saharan Africa
Cameroon,2018,3.61970162,0.35133773,76.00364685,5.9,1.3,2.65,52.3,423.9,28.448,79.787,186.0,24.1,61.18,113.75,59.0,CMR,38.52407142857142,CMR,Lower-middle-income countries,Sub-Saharan Africa
Cameroon,2019,3.65157914,0.40687224,75.81052399,5.8,1.33,2.71,52.5,439.8,27.908,77.349,179.0,23.92,61.584,113.75,60.0,CMR,38.51092857142857,CMR,Lower-middle-income countries,Sub-Saharan Africa
Cameroon,2020,3.77177453,0.60675448,71.84101105,5.6,1.36,2.77,53.7,437.8,27.337,74.886,171.0,24.136666666666667,60.833,105.3,62.0,CMR,40.44657142857143,CMR,Lower-middle-income countries,Sub-Saharan Africa
Cameroon,2021,3.82407379,0.48458478,70.38082123,6.4,1.45,2.95,54.3,436.125,26.817,72.175,164.0,24.136666666666667,60.333,113.75,62.0,CMR,45.00371428571429,CMR,Lower-middle-income countries,Sub-Saharan Africa
Canada,2017,10.90631104,7.59250259,30.38431358,2.5,0.28,3.08,3.2,12.58,3.468,5.252,5.7,10.07,82.019,7.68,90.0,CAN,94.84649999999999,CAN,High-income countries,OECD
Canada,2018,10.90542507,7.59944868,30.31496811,2.5,0.28,3.13,2.7,11.0,3.445,5.195,5.600000000000001,9.8,82.051,6.58,90.0,CAN,94.6712857142857,CAN,High-income countries,OECD
Canada,2019,11.00887775,7.65233946,30.48937988,2.5,0.28,3.19,2.7,11.16,3.432,5.138,5.9,9.620000000000001,82.363,6.21,90.0,CAN,94.86321428571428,CAN,High-income countries,OECD
Canada,2020,13.0351181,9.60643387,26.30343819,2.5,0.3,3.33,3.2,11.01,3.414,5.079,5.4,9.83,82.047,5.76,90.0,CAN,94.65949999999998,CAN,High-income countries,OECD
Canada,2021,12.3341074,8.99394321,27.0807209,2.5,0.31,3.48,3.0,11.437499999999998,3.381,5.016,5.7,9.83,82.656,4.93,90.0,CAN,94.8563571428571,CAN,High-income countries,OECD
Central African Republic,2017,6.66541576,0.72881997,57.60929489,46.7,2.19,2.96,86.9,904.2,33.915,110.195,540.0,37.11,53.721,182.4,41.0,CAF,10.49885714285714,CAF,Low-income countries,Sub-Saharan Africa
Central African Republic,2018,10.99657822,0.68864167,42.36107635,44.5,2.24,3.03,86.1,867.6,33.566,108.02,540.0,36.46,54.369,184.4,41.0,CAF,10.72414285714286,CAF,Low-income countries,Sub-Saharan Africa
Central African Republic,2019,7.76124763,0.81894016,61.55038834,44.8,2.28,3.08,85.7,847.3000000000001,33.205,105.287,540.0,36.0,55.025,183.4,41.0,CAF,11.26335714285714,CAF,Low-income countries,Sub-Saharan Africa
Central African Republic,2020,8.985380169999999,1.22148478,50.50315857,45.7,2.31,3.12,86.1,835.3000000000001,32.728,102.43,540.0,36.52333333333333,54.604,183.4,41.0,CAF,11.447,CAF,Low-income countries,Sub-Saharan Africa
Central African Republic,2021,9.06853294,1.26418066,49.78483582,48.7,2.42,3.27,86.5,863.6000000000001,32.286,99.34700000000001,540.0,36.52333333333333,53.895,183.4,41.0,CAF,13.26257142857143,CAF,Low-income countries,Sub-Saharan Africa
Chad,2017,4.64740467,0.69614905,65.10282898,26.0,2.04,2.75,63.0,1095.0,34.48,121.241,143.0,23.36,52.308,156.9,37.0,TCD,21.99107142857143,TCD,Low-income countries,Sub-Saharan Africa
Chad,2018,4.56768799,0.65007859,66.42906189,26.8,1.97,2.66,60.4,1076.0,33.94,117.223,142.0,23.16,52.825,138.5,42.0,TCD,22.11857142857143,TCD,Low-income countries,Sub-Saharan Africa
Chad,2019,4.59277868,0.69896412,65.69302368,28.1,1.92,2.59,57.1,1047.0,33.317,113.511,142.0,22.74,53.259,147.7,41.0,TCD,23.82385714285714,TCD,Low-income countries,Sub-Saharan Africa
Chad,2020,5.53655243,0.92749429,62.42750168,29.8,2.03,2.75,59.1,1063.0,32.701,109.845,141.0,23.086666666666662,52.777,147.7,47.0,TCD,24.92121428571429,TCD,Low-income countries,Sub-Saharan Africa
Chad,2021,5.19022274,0.89751428,60.64839172,31.4,2.12,2.86,59.0,1070.25,32.166,106.382,140.0,23.086666666666662,52.525,147.7,55.0,TCD,27.65964285714286,TCD,Low-income countries,Sub-Saharan Africa
Chile,2017,9.090518,4.58157396,49.60051346,3.0,0.3,3.38,48.1,14.74,4.961,7.612,17.0,10.62,80.35000000000001,26.89,93.0,CHL,88.0752142857143,CHL,High-income countries,OECD
Chile,2018,9.22575188,4.68868828,49.17825317,2.8,0.31,3.52,46.1,15.14,4.829,7.399,18.0,10.32,80.133,22.94,93.0,CHL,88.53435714285716,CHL,High-income countries,OECD
Chile,2019,9.36262131,4.7671833,49.08280945,2.6,0.33,3.67,46.0,14.6,4.661,7.148000000000001,18.0,10.04,80.32600000000001,18.9,95.0,CHL,88.1405,CHL,High-income countries,OECD
Chile,2020,9.72726822,5.4753623,43.7111969,2.5,0.34,3.79,50.3,15.03,4.465,6.856,14.0,10.326666666666666,79.377,15.6,91.0,CHL,88.04135714285714,CHL,High-income countries,OECD
Chile,2021,9.34327984,5.19715691,44.37545776,2.5,0.35,3.86,42.5,14.877500000000001,4.272,6.567,16.0,10.326666666666666,78.944,21.082499999999996,92.0,CHL,89.63528571428573,CHL,High-income countries,OECD
China,2017,5.06592178,2.87102771,43.32621002,2.5,0.85,2.68,28.2,21.87,4.43,9.247,62.0,16.25,77.248,8.49,99.0,CHN,80.69746153846154,CHN,Upper-middle-income countries,East & South Asia
China,2018,5.16790485,2.91554713,43.58293152,2.5,0.87,2.74,24.4,20.36,4.062,8.607,61.0,15.98,77.744,12.65,99.0,CHN,80.94161538461539,CHN,Upper-middle-income countries,East & South Asia
China,2019,5.3502779,2.99503422,44.02029419,2.5,0.92,2.91,22.0,20.4,3.739,8.028,58.0,15.85,77.968,9.07,99.0,CHN,81.5123846153846,CHN,Upper-middle-income countries,East & South Asia
China,2020,5.59359741,3.06103587,45.27583313,2.5,0.99,3.11,23.0,23.05,3.457,7.507000000000001,58.0,16.026666666666667,78.077,6.07,99.0,CHN,83.09453846153846,CHN,Upper-middle-income countries,East & South Asia
China,2021,5.38360548,2.91082072,45.93153,2.5,0.98,3.08,17.6,21.42,3.213,7.031000000000001,55.0,16.026666666666667,78.211,9.07,99.0,CHN,83.40315384615384,CHN,Upper-middle-income countries,East & South Asia
Colombia,2017,7.67864323,5.4549818,28.95903397,4.3,0.9,2.84,31.7,71.45,7.903,14.63,33.0,10.2,76.646,62.49,93.0,COL,82.30092857142859,COL,Upper-middle-income countries,OECD
Colombia,2018,7.62541437,5.46089888,28.38554192,4.6,0.91,2.87,31.6,63.15,7.635,14.153,33.0,9.84,76.748,59.74,92.0,COL,82.4512142857143,COL,Upper-middle-income countries,OECD
Colombia,2019,7.77954912,5.43606472,30.12365532,5.4,0.94,2.95,32.7,65.44,7.386,13.701,35.0,9.73,76.752,57.46,95.0,COL,83.85178571428573,COL,Upper-middle-income countries,OECD
Colombia,2020,8.71432114,6.21218491,28.71292496,6.3,1.0,3.15,41.2,74.76,7.140000000000001,13.26,35.0,9.923333333333334,74.769,54.34,90.0,COL,81.764,COL,Upper-middle-income countries,OECD
Colombia,2021,9.01772404,6.54606009,27.40896225,6.6,1.06,3.34,37.9,68.7,6.91,12.815,41.0,9.923333333333334,72.83,53.47,86.0,COL,79.93214285714285,COL,Upper-middle-income countries,OECD
Costa Rica,2017,7.04522991,5.1788969,26.43719864,3.2,1.12,3.54,14.3,18.72,5.98,8.637,9.6,10.18,79.377,46.68,96.0,CRI,88.34178571428572,CRI,Upper-middle-income countries,OECD
Costa Rica,2018,7.28587723,5.27453423,27.59983826,3.1,1.14,3.58,15.1,17.99,5.995,8.453,10.0,9.620000000000001,79.484,47.91,94.0,CRI,88.17792857142857,CRI,Upper-middle-income countries,OECD
Costa Rica,2019,7.22124958,5.23799706,27.46307182,3.1,1.17,3.67,15.2,18.7,6.207,8.264,10.0,9.53,79.427,41.86,95.0,CRI,88.43507142857143,CRI,Upper-middle-income countries,OECD
Costa Rica,2020,7.8254571,5.61917925,28.05780602,3.1,1.13,3.56,20.9,22.0,6.505,8.079,9.9,9.776666666666666,79.277,32.58,95.0,CRI,87.7442142857143,CRI,Upper-middle-income countries,OECD
Costa Rica,2021,7.56881428,5.29930544,29.93803596,3.0,1.16,3.67,15.1,19.3525,6.749000000000001,7.904,10.0,9.776666666666666,77.023,26.86,89.0,CRI,86.519,CRI,Upper-middle-income countries,OECD
Cote d'Ivoire,2017,3.24693036,0.93267012,58.24119949,9.8,1.2,2.46,53.5,512.4,31.339,81.468,148.0,22.33,58.48,98.46000000000001,70.0,CIV,42.3555,CIV,Lower-middle-income countries,Sub-Saharan Africa
Cote d'Ivoire,2018,3.0916779,0.89862597,58.65667725,9.0,1.23,2.52,49.2,522.3,30.803,78.851,142.0,22.01,58.849,97.00666666666667,75.0,CIV,43.8087142857143,CIV,Lower-middle-income countries,Sub-Saharan Africa
Cote d'Ivoire,2019,3.21496511,0.97108036,56.79614258,8.4,1.29,2.63,46.7,482.9,30.283,76.065,137.0,21.71,59.319,96.57000000000001,73.0,CIV,44.44714285714285,CIV,Lower-middle-income countries,Sub-Saharan Africa
Cote d'Ivoire,2020,3.62587261,1.33278406,49.698349,7.9,1.33,2.71,48.9,479.9,29.766,73.751,132.0,22.01666666666667,59.032,95.99000000000001,66.0,CIV,43.70257142857143,CIV,Lower-middle-income countries,Sub-Saharan Africa
Cote d'Ivoire,2021,3.13269377,1.02933276,51.69826889,7.7,1.44,2.93,49.6,499.375,29.199,71.506,128.0,22.01666666666667,58.598,97.00666666666667,68.0,CIV,45.83292857142858,CIV,Lower-middle-income countries,Sub-Saharan Africa
Croatia,2017,6.66,5.52,17.15,2.5,0.3,3.31,27.9,5.36,2.943,4.811,10.0,16.85,78.083,9.26,89.0,HRV,85.90071428571427,HRV,High-income countries,E. Europe & C. Asia
Croatia,2018,6.75,5.57,17.55,2.5,0.3,3.35,23.2,4.89,2.918,4.767,10.0,16.33,78.337,8.59,93.0,HRV,87.05578571428573,HRV,High-income countries,E. Europe & C. Asia
Croatia,2019,6.8,5.55,18.45,2.5,0.31,3.44,19.0,4.53,2.909,4.727,8.3,16.07,78.738,8.8,93.0,HRV,87.63778571428573,HRV,High-income countries,E. Europe & C. Asia
Croatia,2020,7.72,6.32,18.22,2.5,0.32,3.53,18.8,4.82,2.869,4.687,5.0,16.416666666666668,77.984,7.58,91.0,HRV,88.78778571428572,HRV,High-income countries,E. Europe & C. Asia
Croatia,2021,8.1,6.81,15.89,2.5,0.33,3.66,15.5,4.9,2.772,4.647,4.4,16.416666666666668,77.58,6.77,89.0,HRV,88.11385714285714,HRV,High-income countries,E. Europe & C. Asia
Cyprus,2017,6.62,2.75,58.12,2.5,0.26,2.89,4.0,49.37,1.705,3.031,4.9,8.790000000000001,81.328,6.53,90.0,CYP,91.78285714285714,CYP,High-income countries,E. Europe & C. Asia
Cyprus,2018,6.83,2.87,57.61,2.5,0.26,2.93,2.7,58.52,1.755,3.117,4.8,8.27,81.382,7.79,90.0,CYP,92.1072142857143,CYP,High-income countries,E. Europe & C. Asia
Cyprus,2019,7.07,3.83,45.16,2.5,0.27,3.04,2.6,63.81,1.816,3.228,6.2,8.19,81.397,6.68,86.0,CYP,91.31892857142859,CYP,High-income countries,E. Europe & C. Asia
Cyprus,2020,8.41,6.31,24.66,2.5,0.28,3.14,2.2,68.41,1.88,3.347,3.2,8.416666666666666,81.391,7.67,86.0,CYP,91.46242857142859,CYP,High-income countries,E. Europe & C. Asia
Cyprus,2021,9.43,7.99,14.35,2.5,0.28,3.19,2.3,60.027499999999996,1.932,3.445,4.4,8.416666666666666,81.203,6.41,86.0,CYP,91.89964285714288,CYP,High-income countries,E. Europe & C. Asia
Czechia,2017,7.38071585,6.20310163,15.95528316,2.5,0.25,2.81,4.8,3.14,1.636,3.185,5.4,14.9,78.956,11.81,97.0,CZE,91.67335714285714,CZE,High-income countries,OECD
Czechia,2018,7.47048092,6.31545496,15.46120453,2.5,0.25,2.83,4.2,3.18,1.624,3.132,4.7,14.76,79.004,10.75,96.0,CZE,91.90921428571428,CZE,High-income countries,OECD
Czechia,2019,7.60336018,6.43771982,15.33059788,2.5,0.27,2.97,3.7,3.34,1.573,3.031,5.0,14.25,79.243,9.85,92.0,CZE,91.68578571428573,CZE,High-income countries,OECD
Czechia,2020,9.2136879,8.05650425,12.55939102,2.5,0.27,3.0,3.9,3.37,1.491,2.902,3.9,14.636666666666665,78.575,9.18,94.0,CZE,91.60707142857143,CZE,High-income countries,OECD
Czechia,2021,9.4887867,8.17704678,13.82410717,2.5,0.28,3.13,3.8,3.2575000000000003,1.393,2.764,3.9,14.636666666666665,77.72800000000001,7.99,97.0,CZE,92.21549999999999,CZE,High-income countries,OECD
Denmark,2017,10.1,8.48,16.04,2.5,0.2,2.2,0.9,5.0,2.828,3.962,5.100000000000001,11.19,81.111,2.78,97.0,DNK,95.09142857142857,DNK,High-income countries,OECD
Denmark,2018,10.1,8.46,16.25,2.5,0.2,2.26,1.1,5.01,2.696,3.878,5.4,11.33,80.99,2.43,95.0,DNK,94.85814285714287,DNK,High-income countries,OECD
Denmark,2019,10.15,8.5,16.29,2.5,0.21,2.34,1.0,4.52,2.541,3.787,5.2,10.77,81.434,2.02,96.0,DNK,95.4087142857143,DNK,High-income countries,OECD
Denmark,2020,10.56,8.95,15.24,2.5,0.22,2.41,1.1,4.66,2.343,3.691,4.1,11.096666666666666,81.545,1.64,94.0,DNK,95.14471428571427,DNK,High-income countries,OECD
Denmark,2021,10.82,9.22,14.79,2.5,0.22,2.49,0.8,4.797499999999999,2.108,3.601,3.8,11.096666666666666,81.375,1.31,95.0,DNK,95.516,DNK,High-income countries,OECD
Dominican Republic,2017,4.49336958,2.68220282,39.34814835,6.0,1.06,3.33,26.9,104.4,24.41,35.048,46.0,20.96,73.063,80.86,86.0,DOM,65.6905,DOM,Upper-middle-income countries,LAC
Dominican Republic,2018,4.12601566,2.52541804,37.47458649,5.7,1.08,3.41,23.4,109.3,24.228,34.823,45.0,20.03,73.232,77.11,91.0,DOM,66.55621428571429,DOM,Upper-middle-income countries,LAC
Dominican Republic,2019,4.23948717,2.59220481,37.68410492,6.3,1.12,3.54,21.8,102.9,23.882,34.417,42.0,19.13,73.577,78.985,96.0,DOM,68.57771428571431,DOM,Upper-middle-income countries,LAC
Dominican Republic,2020,4.93998051,3.24332738,33.54745483,6.3,1.17,3.68,25.7,107.3,23.417,33.859,42.0,20.040000000000003,72.889,78.985,82.0,DOM,65.39028571428572,DOM,Upper-middle-income countries,LAC
Dominican Republic,2021,4.91815567,3.28691697,31.63858032,6.3,1.24,3.91,26.1,105.97500000000001,22.924,33.183,43.0,20.040000000000003,72.615,78.985,88.0,DOM,69.30571428571429,DOM,Upper-middle-income countries,LAC
Ecuador,2017,7.53717899,4.64450216,38.25808716,10.8,0.79,2.5,23.1,68.81,6.903,14.351,43.0,11.43,76.97200000000001,72.76,81.0,ECU,78.17457142857143,ECU,Upper-middle-income countries,LAC
Ecuador,2018,7.82609653,4.97737408,36.30538559,11.9,0.8,2.52,23.9,71.34,6.83,13.919,44.0,11.28,77.09400000000001,72.25,83.0,ECU,79.19207142857144,ECU,Upper-middle-income countries,LAC
Ecuador,2019,7.77070522,4.8712554,37.25939178,13.4,0.81,2.56,24.8,73.79,6.78,13.472,46.0,11.04,77.297,66.7,83.0,ECU,79.4375,ECU,Upper-middle-income countries,LAC
Ecuador,2020,8.35889626,5.07644606,39.110466,14.1,0.83,2.62,30.4,65.75,6.744,13.025,44.0,11.25,72.153,58.58,74.0,ECU,76.80571428571429,ECU,Upper-middle-income countries,LAC
Ecuador,2021,8.28661728,5.27873421,35.86661148,13.9,0.86,2.72,27.2,69.9225,6.672,12.582,46.0,11.25,73.67,51.58,65.0,ECU,75.59528571428572,ECU,Upper-middle-income countries,LAC
Estonia,2017,6.59727097,4.8484664,26.48119926,2.5,0.28,3.14,10.9,5.61,1.184,2.674,15.0,16.85,77.976,10.09,93.0,EST,88.82992857142857,EST,High-income countries,OECD
Estonia,2018,6.6912818,4.92409325,26.38666153,2.5,0.29,3.21,9.5,5.37,1.095,2.473,13.0,16.62,78.139,9.57,87.0,EST,88.1837857142857,EST,High-income countries,OECD
Estonia,2019,6.81699181,5.069736,25.6101284,2.5,0.3,3.35,8.2,5.07,1.012,2.288,13.0,14.9,78.669,8.52,88.0,EST,89.38592857142858,EST,High-income countries,OECD
Estonia,2020,7.57906532,5.83760357,22.95885277,2.5,0.31,3.43,7.5,5.18,0.9400000000000001,2.127,10.0,16.12333333333333,78.343,7.890000000000001,91.0,EST,90.43685714285714,EST,High-income countries,OECD
Estonia,2021,7.49057293,5.70502901,23.82134056,2.5,0.31,3.41,5.1,5.3075,0.88,1.993,9.3,16.12333333333333,77.144,5.66,89.0,EST,90.16357142857143,EST,High-income countries,OECD
Ethiopia,2017,3.45336914,0.8612687,39.70265579,15.5,2.09,2.83,59.3,348.3,31.368,56.95,164.0,17.21,64.83800000000001,72.42,59.0,ETH,42.48957142857143,ETH,Low-income countries,Sub-Saharan Africa
Ethiopia,2018,3.30371761,0.76642609,40.65382385,18.0,2.12,2.86,55.5,311.9,30.482,54.341,151.0,17.14,65.412,72.42,55.0,ETH,43.187,ETH,Low-income countries,Sub-Saharan Africa
Ethiopia,2019,3.23382378,0.73088509,43.24883652,20.7,2.22,2.99,54.5,294.0,29.636,52.067,140.0,17.1,65.83800000000001,72.42,58.0,ETH,45.71178571428572,ETH,Low-income countries,Sub-Saharan Africa
Ethiopia,2020,3.48096275,0.98278511,37.31850815,22.3,2.29,3.1,54.2,266.7,28.783,49.924,129.0,17.150000000000002,65.371,72.42,60.0,ETH,47.26907142857143,ETH,Low-income countries,Sub-Saharan Africa
Ethiopia,2021,3.20824432,0.97918016,41.17137909,21.9,2.5,3.37,55.2,305.225,27.962,48.002,119.0,17.150000000000002,64.975,72.42,54.0,ETH,49.29485714285715,ETH,Low-income countries,Sub-Saharan Africa
Fiji,2017,3.18689561,2.11070943,31.44372368,8.4,1.03,3.24,45.8,36.83,10.21,22.94,51.0,38.13,67.79,30.22,92.0,FJI,71.70500000000001,FJI,Upper-middle-income countries,Oceania
Fiji,2018,4.10572624,2.4660871,32.78167343,6.9,1.05,3.3,47.4,36.58,11.163,24.17,54.0,37.9,67.81,29.39,95.0,FJI,71.5743076923077,FJI,Upper-middle-income countries,Oceania
Fiji,2019,4.25136137,2.62435222,29.92794991,5.7,1.1,3.46,52.6,38.16,12.156,25.538,66.0,37.68,67.893,31.05,96.0,FJI,70.81384615384617,FJI,Upper-middle-income countries,Oceania
Fiji,2020,4.76918268,3.10086608,29.35251427,5.9,1.11,3.51,62.5,38.05,13.022,26.815,66.0,37.903333333333336,67.924,30.22,96.0,FJI,70.54553846153848,FJI,Upper-middle-income countries,Oceania
Fiji,2021,5.38085365,3.35674787,27.88793182,6.6,1.24,3.91,66.8,37.405,13.627,27.719,66.0,37.903333333333336,67.114,30.22,99.0,FJI,72.45092307692309,FJI,Upper-middle-income countries,Oceania
Finland,2017,9.13,7.12,21.98,2.5,0.23,2.53,1.0,7.29,1.371,2.387,4.9,10.26,81.498,4.87,94.0,FIN,95.81969230769232,FIN,High-income countries,OECD
Finland,2018,9.05,7.11,21.44,2.5,0.23,2.61,1.1,7.67,1.368,2.362,4.8,9.99,81.627,4.32,96.0,FIN,96.23953846153846,FIN,High-income countries,OECD
Finland,2019,9.17,7.35,19.8,2.5,0.24,2.72,0.7,8.53,1.364,2.344,4.7,9.6,81.871,4.1,96.0,FIN,96.58007692307693,FIN,High-income countries,OECD
Finland,2020,9.63,7.83,18.66,2.5,0.25,2.81,0.6,8.34,1.359,2.33,3.6,9.950000000000001,81.866,3.86,95.0,FIN,96.48976923076924,FIN,High-income countries,OECD
Finland,2021,10.25,8.41,17.99,2.5,0.26,2.88,0.8,7.9575000000000005,1.352,2.32,3.5,9.950000000000001,82.038,3.7,93.0,FIN,96.32269230769232,FIN,High-income countries,OECD
France,2017,11.35469437,8.60462284,24.21971703,2.5,0.23,2.58,1.9,7.55,2.54,4.249,9.1,10.8,82.473,7.99,90.0,FRA,93.00164285714285,FRA,High-income countries,OECD
France,2018,11.20798969,8.49407578,24.21407509,2.5,0.24,2.66,2.2,7.8,2.553,4.25,9.0,10.69,82.59100000000001,7.65,90.0,FRA,93.21928571428573,FRA,High-income countries,OECD
France,2019,11.0888586,8.33430767,24.84062386,2.5,0.25,2.83,3.4,7.73,2.55,4.225,9.1,10.58,82.73100000000001,7.5,92.0,FRA,93.42364285714284,FRA,High-income countries,OECD
France,2020,12.13096142,9.31343365,23.22595406,2.5,0.26,2.94,2.8,7.91,2.547,4.184,8.3,10.69,82.21000000000001,6.95,94.0,FRA,93.67314285714284,FRA,High-income countries,OECD
France,2021,12.30787277,9.30704117,24.3813591,2.5,0.27,3.04,3.3,7.7475,2.551,4.131,7.600000000000001,10.69,82.499,6.36,94.0,FRA,93.82264285714287,FRA,High-income countries,OECD
Gabon,2017,2.78068876,1.75976336,36.1065979,18.4,1.03,3.25,32.0,217.8,20.765,46.842,529.0,22.6,66.18900000000001,99.32,63.0,GAB,48.47392857142857,GAB,Upper-middle-income countries,Sub-Saharan Africa
Gabon,2018,2.74500418,1.60853541,40.17887497,19.5,1.05,3.3,32.6,228.6,20.307,45.153,525.0,22.19,66.306,98.54,59.0,GAB,48.38,GAB,Upper-middle-income countries,Sub-Saharan Africa
Gabon,2019,2.76836324,1.66962576,39.12090302,20.9,1.07,3.38,33.1,225.5,19.885,43.268,521.0,21.33,66.603,100.1,62.0,GAB,49.32357142857143,GAB,Upper-middle-income countries,Sub-Saharan Africa
Gabon,2020,3.41300368,1.89993799,33.50818634,22.1,1.09,3.44,34.8,226.6,19.475,41.149,517.0,22.040000000000003,66.531,99.32,53.0,GAB,48.18628571428572,GAB,Upper-middle-income countries,Sub-Saharan Africa
Gabon,2021,2.70633149,1.59057152,37.23517609,23.0,1.15,3.61,36.3,224.625,18.954,39.92,513.0,22.040000000000003,65.821,99.32,64.0,GAB,53.05414285714287,GAB,Upper-middle-income countries,Sub-Saharan Africa
Germany,2017,11.33617592,8.79702854,22.39862251,2.5,0.24,2.64,3.5,4.73,2.282,3.852,7.100000000000001,12.09,80.944,8.040000000000001,97.0,DEU,94.48785714285715,DEU,High-income countries,OECD
Germany,2018,11.48051548,8.8703146,22.73591995,2.5,0.25,2.77,2.2,4.71,2.274,3.799,7.0,12.16,81.172,7.42,97.0,DEU,94.52535714285715,DEU,High-income countries,OECD
Germany,2019,11.71550655,9.04012394,22.83625412,2.5,0.26,2.87,2.0,4.45,2.265,3.74,6.100000000000001,12.05,81.558,6.92,97.0,DEU,94.63607142857143,DEU,High-income countries,OECD
Germany,2020,12.69255257,9.96393967,21.49774742,2.5,0.27,2.97,2.5,4.43,2.253,3.68,5.3,12.1,81.147,6.51,97.0,DEU,95.04514285714286,DEU,High-income countries,OECD
Germany,2021,12.93412971,10.22433567,20.95072556,2.5,0.28,3.1,2.5,4.58,2.236,3.624,5.0,12.1,80.63,5.93,97.0,DEU,94.15471428571428,DEU,High-income countries,OECD
Ghana,2017,3.73087549,1.51208568,47.58953857,7.6,1.69,3.46,65.2,273.9,24.24,50.861,152.0,23.33,64.013,73.83,95.0,GHA,53.28507142857143,GHA,Lower-middle-income countries,Sub-Saharan Africa
Ghana,2018,3.80673027,1.750916,44.25982666,6.5,1.74,3.54,64.1,272.8,23.524,48.918,148.0,22.77,64.122,78.02,92.0,GHA,52.42492857142859,GHA,Lower-middle-income countries,Sub-Saharan Africa
Ghana,2019,4.29847813,2.30539036,37.78946304,5.7,1.77,3.62,62.7,243.8,22.871,47.078,144.0,22.47,64.74,71.61666666666666,92.0,GHA,53.18435714285715,GHA,Lower-middle-income countries,Sub-Saharan Africa
Ghana,2020,4.01752424,2.11122155,38.31406784,5.1,1.82,3.7,63.6,263.1,22.232,45.34,140.0,22.856666666666666,64.114,71.61666666666666,88.0,GHA,53.31807142857142,GHA,Lower-middle-income countries,Sub-Saharan Africa
Ghana,2021,4.15176868,2.24425006,37.05221558,4.9,1.91,3.89,62.7,263.4,21.612,43.785,136.0,22.856666666666666,63.795,63.0,94.0,GHA,53.77142857142858,GHA,Lower-middle-income countries,Sub-Saharan Africa
Greece,2017,8.13515854,4.24350309,47.6586113,2.5,0.26,2.93,30.8,5.850000000000001,2.536,4.249,4.7,12.53,80.85000000000001,8.69,97.0,GRC,89.00807142857143,GRC,High-income countries,OECD
Greece,2018,8.12024307,4.23590946,47.70189667,2.5,0.27,2.99,28.0,5.7,2.509,4.198,4.4,12.56,81.391,8.48,97.0,GRC,89.66628571428573,GRC,High-income countries,OECD
Greece,2019,8.19811249,3.99746466,51.10738754,2.5,0.28,3.1,24.6,5.96,2.474,4.129,4.7,12.48,81.249,8.41,97.0,GRC,90.56035714285714,GRC,High-income countries,OECD
Greece,2020,9.50363827,5.12932062,45.87639236,2.5,0.28,3.13,24.2,7.65,2.433,4.051,4.2,12.523333333333333,80.909,8.52,97.0,GRC,90.18899999999998,GRC,High-income countries,OECD
Greece,2021,9.17298794,5.43146896,40.65595627,2.5,0.29,3.25,21.0,6.290000000000001,2.388,3.974,2.1,12.523333333333333,80.111,7.44,97.0,GRC,90.60535714285716,GRC,High-income countries,OECD
Guatemala,2017,6.13563824,2.1993053,63.07294083,14.4,0.77,2.43,46.7,94.87,12.271,26.354,25.0,16.2,72.551,78.66,94.0,GTM,70.81042857142857,GTM,Upper-middle-income countries,LAC
Guatemala,2018,6.10662699,2.19892383,62.30888367,14.1,0.82,2.58,46.5,98.41,11.854,25.425,26.0,16.6,72.726,78.43,89.0,GTM,70.18835714285713,GTM,Upper-middle-income countries,LAC
Guatemala,2019,6.17457819,2.37258744,60.70774078,14.1,0.87,2.73,45.6,100.3,11.435,24.551,26.0,16.47,73.129,73.12,90.0,GTM,69.98364285714287,GTM,Upper-middle-income countries,LAC
Guatemala,2020,6.46693325,2.47522092,60.73390579,13.5,0.9,2.85,48.0,95.5,11.021,23.694,25.0,16.423333333333332,71.797,64.8,88.0,GTM,70.02664285714286,GTM,Upper-middle-income countries,LAC
Guatemala,2021,6.9008255,2.33015943,63.90242767,13.3,0.95,3.0,44.9,97.27,10.644,22.859,26.0,16.423333333333332,69.237,65.18,81.0,GTM,70.80064285714286,GTM,Upper-middle-income countries,LAC
Guinea,2017,3.91512918,0.60066229,75.16259766,13.3,1.68,2.27,37.4,572.1,33.004,107.985,176.0,25.59,59.109,130.1,47.0,GIN,30.27378571428572,GIN,Low-income countries,Sub-Saharan Africa
Guinea,2018,3.73843002,0.61740124,72.6920929,12.7,1.77,2.39,36.9,567.7,32.663,105.939,176.0,25.18,59.349,130.1,47.0,GIN,30.66492857142856,GIN,Low-income countries,Sub-Saharan Africa
Guinea,2019,4.08876228,0.92095226,66.67956543,12.5,1.84,2.48,36.1,555.5,32.24,103.741,176.0,24.9,59.72,132.6,47.0,GIN,29.93578571428571,GIN,Low-income countries,Sub-Saharan Africa
Guinea,2020,3.876436,0.77237737,67.76779938,12.4,1.89,2.56,35.8,553.4,31.861,101.244,175.0,25.22333333333333,59.327,127.6,47.0,GIN,30.75749999999999,GIN,Low-income countries,Sub-Saharan Africa
Guinea,2021,3.75556707,0.68805325,59.02419662,12.9,2.04,2.75,36.8,562.1750000000001,31.457,98.662,175.0,25.22333333333333,58.892,130.1,47.0,GIN,30.04642857142857,GIN,Low-income countries,Sub-Saharan Africa
Guinea-Bissau,2017,7.00049543,0.49838862,71.71472168,32.9,2.18,2.95,62.5,705.5,37.623,85.675,361.0,25.99,60.066,84.46000000000001,66.0,GNB,28.57723076923077,GNB,Low-income countries,Sub-Saharan Africa
Guinea-Bissau,2018,7.28130722,0.50527376,70.1144104,33.1,2.25,3.03,61.6,648.2,36.819,82.671,361.0,25.5,60.502,84.46000000000001,79.0,GNB,31.45207692307692,GNB,Low-income countries,Sub-Saharan Africa
Guinea-Bissau,2019,7.16052532,0.45877996,73.03073883,35.3,2.3,3.11,58.9,709.5,35.903,79.762,361.0,24.85,60.882,84.46000000000001,79.0,GNB,32.59638461538462,GNB,Low-income countries,Sub-Saharan Africa
Guinea-Bissau,2020,9.02139282,1.20048702,59.23788452,36.8,2.37,3.2,62.6,725.1,35.161,77.05,361.0,25.44666666666667,59.999,84.46000000000001,72.0,GNB,31.66884615384616,GNB,Low-income countries,Sub-Saharan Africa
Guinea-Bissau,2021,8.2233429,1.13646221,62.94657135,37.9,2.55,3.44,63.8,697.0749999999999,34.323,74.485,361.0,25.44666666666667,59.652,84.46000000000001,63.0,GNB,31.21746153846154,GNB,Low-income countries,Sub-Saharan Africa
Guyana,2017,4.3191123,2.79179382,31.34976768,3.3,1.47,4.63,41.3,123.3,18.849,31.128,86.0,29.81,68.667,70.34,97.0,GUY,65.96614285714286,GUY,Upper-middle-income countries,LAC
Guyana,2018,4.90492535,2.95149112,36.66504669,3.5,1.51,4.74,41.0,117.7,18.269,30.181,82.0,29.38,68.896,64.88,98.0,GUY,66.72850000000001,GUY,Upper-middle-income countries,LAC
Guyana,2019,4.90331507,2.90384364,38.07092285,3.6,1.53,4.83,39.2,109.8,17.719,29.196,78.0,29.19,69.124,67.61,98.0,GUY,67.043,GUY,Upper-middle-income countries,LAC
Guyana,2020,5.50584173,3.97433281,26.29045105,3.0,1.55,4.89,22.6,111.9,17.16,28.327,57.0,29.459999999999997,68.486,67.61,98.0,GUY,67.65828571428573,GUY,Upper-middle-income countries,LAC
Guyana,2021,4.94385052,3.34169126,31.22301292,2.5,1.62,5.12,16.9,115.67500000000001,16.589,27.45,64.0,29.459999999999997,65.673,67.61,95.0,GUY,68.1595,GUY,Upper-middle-income countries,LAC
Honduras,2017,7.00668859,2.85400987,55.57439041,14.3,1.78,3.63,39.8,63.95,10.857,19.037,37.0,19.52,72.69200000000001,97.36,92.0,HND,70.09185714285714,HND,Lower-middle-income countries,LAC
Honduras,2018,7.22820663,2.84892344,57.62813568,14.1,1.81,3.69,39.0,65.1,10.48,18.392,37.0,18.8,72.81400000000001,97.05,91.0,HND,70.18007142857142,HND,Lower-middle-income countries,LAC
Honduras,2019,7.30497599,2.87275672,58.0337677,14.5,1.81,3.68,38.7,66.64,10.129,17.729,31.0,18.68,72.881,97.205,89.0,HND,72.17800000000001,HND,Lower-middle-income countries,LAC
Honduras,2020,9.03509808,3.43717003,56.29788589,16.2,1.85,3.77,43.4,71.82000000000001,9.769,17.13,30.0,19.0,71.462,97.205,82.0,HND,71.04828571428571,HND,Lower-middle-income countries,LAC
Honduras,2021,9.16101742,3.43701577,57.50500107,18.7,1.91,3.89,38.9,66.8775,9.429,16.56,30.0,19.0,70.123,97.205,81.0,HND,70.19871428571427,HND,Lower-middle-income countries,LAC
Hungary,2017,6.74,4.62,31.54,2.5,0.3,3.36,32.0,14.45,2.375,4.48,7.600000000000001,23.05,76.005,22.97,99.0,HUN,83.94084615384615,HUN,High-income countries,OECD
Hungary,2018,6.58,4.55,30.78,2.5,0.31,3.45,26.5,14.58,2.267,4.266,7.100000000000001,22.73,76.20400000000001,22.04,99.0,HUN,83.93592307692307,HUN,High-income countries,OECD
Hungary,2019,6.28,4.29,31.67,2.5,0.32,3.6,26.4,14.11,2.204,4.123,6.2,22.13,76.45400000000001,21.09,99.0,HUN,84.51661538461538,HUN,High-income countries,OECD
Hungary,2020,7.29,5.14,29.53,2.5,0.33,3.69,20.4,15.05,2.182,4.043,4.5,22.636666666666667,75.73,21.38,99.0,HUN,84.39976923076924,HUN,High-income countries,OECD
Hungary,2021,7.38,5.33,27.78,2.5,0.33,3.71,12.7,14.5475,2.19,4.004,3.7,22.636666666666667,74.53,18.85,99.0,HUN,84.659,HUN,High-income countries,OECD
Iceland,2017,8.26,6.76,18.14,2.5,0.21,2.38,0.6,2.8,1.336,2.647,4.4,8.66,82.535,6.01,92.0,ISL,95.98264285714285,ISL,High-income countries,OECD
Iceland,2018,8.38,6.9,17.62,2.5,0.22,2.41,0.5,2.8,1.348,2.663,2.6,8.51,82.77,5.33,93.0,ISL,95.90285714285714,ISL,High-income countries,OECD
Iceland,2019,8.58,7.1,17.2,2.5,0.23,2.52,0.6,3.12,1.354,2.677,4.1,8.65,82.404,4.39,93.0,ISL,97.05635714285714,ISL,High-income countries,OECD
Iceland,2020,9.61,8.01,16.67,2.5,0.24,2.7,0.7,2.65,1.354,2.676,3.8,8.606666666666667,82.57600000000001,4.75,93.0,ISL,97.07007142857144,ISL,High-income countries,OECD
Iceland,2021,9.73,8.14,16.33,2.5,0.25,2.78,0.6,2.8425,1.343,2.653,2.2,8.606666666666667,82.678,3.25,92.0,ISL,97.0592857142857,ISL,High-income countries,OECD
India,2017,2.94,0.97,66.46,12.9,1.4,2.86,69.5,118.7,23.806,38.682,217.0,22.23,70.467,13.0,90.0,IND,63.0847142857143,IND,Lower-middle-income countries,East & South Asia
India,2018,2.86,0.98,65.25,13.1,1.41,2.87,62.5,115.7,22.718,36.436,208.0,21.98,70.71000000000001,12.2,93.0,IND,63.63464285714285,IND,Lower-middle-income countries,East & South Asia
India,2019,2.95,1.04,64.38,14.4,1.43,2.92,57.1,116.4,21.419,34.324,202.0,21.85,70.91,10.6,94.0,IND,63.95478571428572,IND,Lower-middle-income countries,East & South Asia
India,2020,3.34,1.21,63.04,15.9,1.48,3.01,61.2,102.7,20.194,32.351,197.0,22.02,70.15,11.3,87.0,IND,64.94014285714286,IND,Lower-middle-income countries,East & South Asia
India,2021,3.28,1.12,63.52,16.6,1.52,3.11,59.0,113.375,19.088,30.597,200.0,22.02,67.24,11.774999999999999,88.0,IND,64.35514285714287,IND,Lower-middle-income countries,East & South Asia
Ireland,2017,7.12621927,5.2006526,27.02087402,2.5,0.21,2.33,2.3,5.58,2.289,3.482,7.3,10.15,81.917,6.81,92.0,IRL,94.15507692307693,IRL,High-income countries,OECD
Ireland,2018,6.49550152,4.74149084,27.00347137,2.5,0.2,2.27,1.4,5.43,2.234,3.388,7.0,9.91,82.086,6.16,92.0,IRL,94.22123076923077,IRL,High-income countries,OECD
Ireland,2019,6.7090106,4.981359,25.75121117,2.5,0.21,2.3,1.6,5.52,2.186,3.313,5.8,9.66,82.259,5.42,91.0,IRL,94.82076923076926,IRL,High-income countries,OECD
Ireland,2020,7.1091466,5.54758024,21.96558952,2.5,0.2,2.22,1.2,4.98,2.147,3.251,5.3,9.906666666666668,82.47,4.91,92.0,IRL,94.65553846153846,IRL,High-income countries,OECD
Ireland,2021,6.71662664,5.19847488,22.60289192,2.5,0.2,2.24,1.1,5.3775,2.106,3.193,4.8,9.906666666666668,81.998,4.41,90.0,IRL,94.07046153846153,IRL,High-income countries,OECD
Israel,2017,7.18,4.58,34.74,2.5,0.22,2.51,19.2,2.66,1.968,3.739,3.2,9.0,82.71900000000001,9.18,98.0,ISR,95.67958333333333,ISR,High-income countries,OECD
Israel,2018,7.23,4.67,33.95,2.5,0.23,2.58,18.2,2.67,1.913,3.653,4.0,8.92,82.82300000000001,8.21,98.0,ISR,95.1605,ISR,High-income countries,OECD
Israel,2019,7.17,4.65,33.77,2.5,0.23,2.6,19.5,2.63,1.864,3.574,2.9,8.78,82.812,7.7,99.0,ISR,96.14200000000001,ISR,High-income countries,OECD
Israel,2020,7.71,5.26,31.15,2.5,0.23,2.61,19.0,2.84,1.82,3.504,2.1,8.9,82.36,7.12,99.0,ISR,95.80783333333333,ISR,High-income countries,OECD
Israel,2021,7.9,5.39,30.8,2.5,0.25,2.75,18.0,2.7,1.786,3.447,2.8,8.9,82.255,6.72,99.0,ISR,96.46566666666668,ISR,High-income countries,OECD
Italy,2017,8.68,6.4,26.26,2.5,0.25,2.74,10.3,6.37,1.987,3.317,7.3,9.38,82.72800000000001,4.34,92.0,ITA,93.39092857142859,ITA,High-income countries,OECD
Italy,2018,8.68,6.41,26.14,2.5,0.25,2.83,10.0,4.89,1.898,3.189,7.3,9.13,83.185,4.11,93.0,ITA,94.19864285714286,ITA,High-income countries,OECD
Italy,2019,8.66,6.38,26.26,2.5,0.27,3.01,8.6,4.72,1.808,3.047,6.100000000000001,8.97,83.552,3.68,94.0,ITA,94.44399999999999,ITA,High-income countries,OECD
Italy,2020,9.63,7.31,24.07,2.5,0.28,3.09,9.1,4.59,1.726,2.896,4.2,9.160000000000002,82.395,3.27,92.0,ITA,94.20757142857144,ITA,High-income countries,OECD
Italy,2021,9.38,7.08,24.54,2.5,0.28,3.19,7.7,5.1425,1.649,2.752,4.600000000000001,9.160000000000002,82.85000000000001,2.88,94.0,ITA,94.48671428571427,ITA,High-income countries,OECD
Jamaica,2017,6.14859295,4.06524467,32.4526329,7.3,1.57,4.94,19.2,101.5,13.98,18.66,5.2,16.58,71.911,39.25,95.0,JAM,78.60907142857143,JAM,Upper-middle-income countries,LAC
Jamaica,2018,5.96798849,3.88880324,33.33992004,6.3,1.61,5.08,17.1,90.51,14.0,18.737,3.5,16.71,71.793,35.89,89.0,JAM,77.8877857142857,JAM,Upper-middle-income countries,LAC
Jamaica,2019,6.09761,3.97861576,33.15884018,6.6,1.68,5.29,18.2,93.05,14.071,18.839,3.2,16.88,71.767,37.57,94.0,JAM,79.17678571428573,JAM,Upper-middle-income countries,LAC
Jamaica,2020,6.62580395,4.52264309,30.20898819,7.5,1.75,5.53,23.6,98.88,14.13,18.915,3.1,16.723333333333333,71.869,37.57,93.0,JAM,77.51742857142857,JAM,Upper-middle-income countries,LAC
Jamaica,2021,7.18521214,5.11554575,27.42883301,8.3,1.85,5.82,23.1,95.985,14.134,18.902,3.2,16.723333333333333,70.5,37.57,88.0,JAM,76.19235714285715,JAM,Upper-middle-income countries,LAC
Japan,2017,10.66,8.97,15.79,2.5,0.49,5.48,7.2,5.06,0.88,2.611,15.0,8.61,84.19800000000001,3.37,97.0,JPN,93.893,JPN,High-income countries,OECD
Japan,2018,10.74,9.0,16.23,2.5,0.5,5.65,7.2,5.19,0.867,2.542,14.0,8.41,84.297,3.05,97.0,JPN,93.77292307692308,JPN,High-income countries,OECD
Japan,2019,10.97,9.21,16.04,2.5,0.5,5.57,7.2,4.25,0.853,2.472,13.0,8.26,84.426,2.73,96.0,JPN,93.77523076923077,JPN,High-income countries,OECD
Japan,2020,11.0,9.34,15.14,2.7,0.52,5.8,8.0,4.31,0.836,2.404,12.0,8.426666666666668,84.688,2.48,98.0,JPN,94.43776923076923,JPN,High-income countries,OECD
Japan,2021,10.82,9.17,15.28,3.2,0.53,5.92,7.6,4.7025,0.8150000000000001,2.338,11.0,8.426666666666668,84.784,2.01,95.0,JPN,94.10284615384616,JPN,High-income countries,OECD
Jordan,2017,7.10953665,3.18527389,50.59503174,,0.94,2.95,13.0,42.31,9.676,16.534,6.7,15.03,75.502,17.0,93.0,JOR,78.1487857142857,JOR,Upper-middle-income countries,MENA
Jordan,2018,6.98295021,3.00017619,53.79945374,,0.95,2.98,12.9,41.69,9.392,16.039,5.0,15.25,75.774,17.0,92.0,JOR,78.76942857142858,JOR,Upper-middle-income countries,MENA
Jordan,2019,6.99518251,3.00427818,53.64096069,,0.96,3.02,12.9,41.29,9.098,15.546,5.5,15.3,76.044,17.0,87.0,JOR,77.78507142857144,JOR,Upper-middle-income countries,MENA
Jordan,2020,7.03820276,2.74805593,56.01600266,,0.99,3.12,14.4,41.31,8.823,15.078,4.600000000000001,15.193333333333333,75.184,17.0,76.0,JOR,75.73342857142858,JOR,Upper-middle-income countries,MENA
Jordan,2021,7.28875065,2.59331965,56.08350372,,1.02,3.23,13.6,41.65,8.554,14.584,4.2,15.193333333333333,74.256,17.0,76.0,JOR,76.3637142857143,JOR,Upper-middle-income countries,MENA
Kazakhstan,2017,3.05,1.89,37.81,2.5,0.67,2.12,9.3,13.41,4.753,10.575,69.0,24.11,71.396,25.0,99.0,KAZ,77.90715384615383,KAZ,Upper-middle-income countries,E. Europe & C. Asia
Kazakhstan,2018,2.82,1.71,39.01,2.5,0.68,2.15,6.3,13.8,4.654,10.328,67.0,23.12,71.47200000000001,24.28,99.0,KAZ,78.63007692307693,KAZ,Upper-middle-income countries,E. Europe & C. Asia
Kazakhstan,2019,2.79,1.67,40.06,2.5,0.71,2.25,6.9,14.02,4.698,10.209,68.0,22.42,71.56700000000001,23.2,99.0,KAZ,80.0673076923077,KAZ,Upper-middle-income countries,E. Europe & C. Asia
Kazakhstan,2020,3.75,2.47,34.16,2.5,0.75,2.35,6.6,13.38,4.791,10.126,67.0,23.21666666666667,70.03,22.92,93.0,KAZ,78.71330769230768,KAZ,Upper-middle-income countries,E. Europe & C. Asia
Kazakhstan,2021,3.92,2.56,34.58,2.5,0.8,2.52,5.2,13.652500000000002,4.812,9.982000000000001,72.0,23.21666666666667,69.362,23.8,97.0,KAZ,78.98076923076923,KAZ,Upper-middle-income countries,E. Europe & C. Asia
Kenya,2017,3.98597503,1.71156442,35.97360611,22.8,1.37,2.79,71.7,489.9,21.708,45.449,319.0,20.78,62.481,56.77,89.0,KEN,47.59807142857143,KEN,Lower-middle-income countries,Sub-Saharan Africa
Kenya,2018,4.09903383,1.7670722,34.73561478,22.2,1.36,2.77,72.0,511.5,21.482,44.332,292.0,21.04,62.676,75.19,89.0,KEN,49.28057142857143,KEN,Lower-middle-income countries,Sub-Saharan Africa
Kenya,2019,4.36874676,2.00870633,35.51103973,23.0,1.4,2.85,73.7,502.9,21.256,43.446,267.0,20.99,62.943,51.32,89.0,KEN,50.87885714285715,KEN,Lower-middle-income countries,Sub-Saharan Africa
Kenya,2020,4.47622252,2.20972395,33.4131546,24.7,1.43,2.91,77.0,530.0,20.972,42.974,249.0,20.936666666666667,62.675,43.8,88.0,KEN,51.07242857142858,KEN,Lower-middle-income countries,Sub-Saharan Africa
Kenya,2021,4.54763126,2.21621132,32.83886719,27.8,1.53,3.13,78.8,508.575,20.702,41.889,249.0,20.936666666666667,61.427,56.77,89.0,KEN,51.1955,KEN,Lower-middle-income countries,Sub-Saharan Africa
Latvia,2017,5.97,3.41,42.67,2.5,0.27,3.04,27.1,21.79,2.431,4.447,32.0,22.35,74.805,14.71,96.0,LVA,83.83207142857142,LVA,High-income countries,OECD
Latvia,2018,6.19,3.7,40.12,2.5,0.27,3.03,21.3,23.37,2.297,4.201000000000001,28.0,22.2,75.001,12.11,97.0,LVA,83.73400000000001,LVA,High-income countries,OECD
Latvia,2019,6.61,3.96,39.88,2.5,0.28,3.19,18.1,21.81,2.141,3.963,24.0,21.64,75.534,12.55,99.0,LVA,84.88014285714284,LVA,High-income countries,OECD
Latvia,2020,7.25,4.6,36.39,2.5,0.29,3.28,16.9,18.32,1.97,3.719,20.0,22.063333333333333,75.453,10.54,99.0,LVA,85.5442857142857,LVA,High-income countries,OECD
Latvia,2021,9.04,6.27,30.53,2.5,0.3,3.35,14.2,21.322499999999998,1.794,3.462,16.0,22.063333333333333,73.57900000000001,9.84,96.0,LVA,84.5345,LVA,High-income countries,OECD
Lesotho,2017,10.57480335,6.03923559,16.14331245,31.6,1.73,3.52,69.9,639.7,37.97,75.958,681.0,44.18,53.064,90.77,90.0,LSO,22.90007142857143,LSO,Lower-middle-income countries,Sub-Saharan Africa
Lesotho,2018,11.114995,5.56858873,14.83425331,33.0,1.78,3.62,71.0,598.6,37.668,77.21300000000001,659.0,43.42,53.733,69.925,90.0,LSO,24.64228571428572,LSO,Lower-middle-income countries,Sub-Saharan Africa
Lesotho,2019,11.94662285,5.77186584,13.25588131,38.1,1.84,3.74,72.1,628.9,37.22,78.129,654.0,42.73,54.173,69.925,90.0,LSO,24.1255,LSO,Lower-middle-income countries,Sub-Saharan Africa
Lesotho,2020,10.27927017,4.77819252,16.6175766,43.7,1.95,3.98,75.9,566.2,36.636,76.60300000000001,600.0,43.44333333333333,54.693,49.08,90.0,LSO,28.00278571428571,LSO,Lower-middle-income countries,Sub-Saharan Africa
Lesotho,2021,10.21370411,4.20355701,14.46548367,46.0,2.11,4.31,76.3,608.3500000000001,35.996,73.868,630.0,43.44333333333333,53.062,69.925,90.0,LSO,31.29985714285714,LSO,Lower-middle-income countries,Sub-Saharan Africa
Liberia,2017,10.47271252,1.38745701,54.78058624,35.1,2.28,3.08,64.5,661.1,32.295,84.261,308.0,17.71,60.553,135.4,75.0,LBR,35.31628571428571,LBR,Low-income countries,Sub-Saharan Africa
Liberia,2018,10.35222721,1.68725502,54.1660881,35.6,2.29,3.09,63.9,683.8000000000001,31.968,82.263,308.0,17.61,60.853,128.1,74.0,LBR,35.23957142857143,LBR,Low-income countries,Sub-Saharan Africa
Liberia,2019,8.42100334,1.35628378,59.33453369,36.9,2.36,3.18,66.0,668.0,31.54,80.028,308.0,17.75,61.104,129.625,68.0,LBR,36.81828571428571,LBR,Low-income countries,Sub-Saharan Africa
Liberia,2020,16.96832657,0.92961764,80.78565979,37.8,2.49,3.37,69.9,652.3000000000001,31.023,77.745,308.0,17.69,60.948,124.2,61.0,LBR,38.64871428571429,LBR,Low-income countries,Sub-Saharan Africa
Liberia,2021,16.6163311,1.08574104,75.92010498,38.4,2.47,3.34,66.3,666.3000000000001,30.497,75.464,308.0,17.69,60.747,130.8,58.0,LBR,42.72257142857143,LBR,Low-income countries,Sub-Saharan Africa
Lithuania,2017,6.48,4.22,34.39,2.5,0.25,2.85,21.3,8.03,2.167,4.332,50.0,19.85,75.44,12.16,94.0,LTU,84.99764285714286,LTU,High-income countries,OECD
Lithuania,2018,6.53,4.31,33.7,2.5,0.26,2.87,16.7,7.850000000000001,2.103,3.983,43.0,19.8,75.677,11.19,92.0,LTU,85.2197142857143,LTU,High-income countries,OECD
Lithuania,2019,6.99,4.55,34.55,2.5,0.27,3.04,13.1,7.36,2.049,3.724,41.0,19.32,76.212,10.06,93.0,LTU,85.53578571428571,LTU,High-income countries,OECD
Lithuania,2020,7.48,5.14,30.74,2.5,0.27,3.07,9.0,8.66,2.012,3.569,28.0,19.65666666666667,75.068,8.16,90.0,LTU,85.71564285714285,LTU,High-income countries,OECD
Lithuania,2021,7.82,5.26,32.33,2.5,0.28,3.15,8.9,7.9750000000000005,2.009,3.515,26.0,19.65666666666667,73.72,6.640000000000001,88.0,LTU,86.46792857142857,LTU,High-income countries,OECD
Luxembourg,2017,5.14,4.35,13.84,2.5,0.22,2.46,2.6,6.73,1.63,2.71,6.2,9.59,81.734,4.21,99.0,LUX,95.80364285714288,LUX,High-income countries,OECD
Luxembourg,2018,5.28,4.48,13.67,2.5,0.23,2.59,2.1,6.63,1.665,2.722,7.9,9.64,81.803,4.600000000000001,99.0,LUX,95.61557142857146,LUX,High-income countries,OECD
Luxembourg,2019,5.47,4.7,12.8,2.5,0.23,2.62,1.2,6.41,1.695,2.729,8.9,9.75,82.143,3.98,99.0,LUX,96.67307142857143,LUX,High-income countries,OECD
Luxembourg,2020,5.74,5.02,11.4,2.5,0.23,2.62,0.6,6.49,1.708,2.723,5.8,9.66,81.433,3.94,99.0,LUX,96.55,LUX,High-income countries,OECD
Luxembourg,2021,5.67,4.93,11.93,2.5,0.24,2.71,1.9,6.5649999999999995,1.706,2.695,6.100000000000001,9.66,82.629,2.83,99.0,LUX,96.59350000000002,LUX,High-income countries,OECD
Madagascar,2017,4.80225992,2.24615121,30.29995346,42.8,2.24,3.03,92.8,423.2,23.985,65.66,233.0,26.22,65.09400000000001,150.8,55.0,MDG,34.45371428571428,MDG,Low-income countries,Sub-Saharan Africa
Madagascar,2018,4.22846937,1.50361967,34.60900116,44.7,2.34,3.17,93.0,423.3,24.043,65.83500000000001,233.0,26.09,65.27,143.5,68.0,MDG,36.16871428571429,MDG,Low-income countries,Sub-Saharan Africa
Madagascar,2019,3.10129309,0.68268955,39.79958725,47.1,2.37,3.2,92.7,397.6,24.096,66.08200000000001,233.0,25.99,65.882,143.0,60.0,MDG,35.98735714285714,MDG,Low-income countries,Sub-Saharan Africa
Madagascar,2020,3.72316122,0.68988532,35.8677063,49.5,2.39,3.23,93.8,391.5,24.097,66.305,233.0,26.099999999999998,65.182,145.76666666666668,55.0,MDG,35.23778571428571,MDG,Low-income countries,Sub-Saharan Africa
Madagascar,2021,3.5045228,0.73712856,38.51412964,51.0,2.54,3.43,93.6,408.9,24.051,66.29,233.0,26.099999999999998,64.485,145.76666666666668,44.0,MDG,35.28957142857143,MDG,Low-income countries,Sub-Saharan Africa
Malawi,2017,7.58438921,1.71919668,17.47722816,15.1,1.82,2.46,84.6,374.9,21.245,50.404,162.0,23.36,62.977,127.0,83.0,MWI,43.92435714285714,MWI,Low-income countries,Sub-Saharan Africa
Malawi,2018,6.87366676,1.67992616,18.12243652,15.7,1.88,2.53,85.5,391.8,20.657,47.617,153.0,22.92,63.276,135.6,87.0,MWI,44.72978571428571,MWI,Low-income countries,Sub-Saharan Africa
Malawi,2019,7.15010023,1.67412877,17.24943542,16.5,2.0,2.7,87.1,370.2,20.141,45.4,146.0,22.55,64.119,131.3,92.0,MWI,47.25792857142856,MWI,Low-income countries,Sub-Saharan Africa
Malawi,2020,7.0088768,1.56224585,22.23474312,17.2,2.1,2.84,88.5,380.7,19.634,43.172,138.0,22.94333333333333,63.717,131.3,90.0,MWI,47.99157142857143,MWI,Low-income countries,Sub-Saharan Africa
Malawi,2021,7.41194487,1.36272597,19.87660027,17.8,2.24,3.03,88.7,379.40000000000003,19.146,41.435,132.0,22.94333333333333,62.904,131.3,90.0,MWI,50.96571428571428,MWI,Low-income countries,Sub-Saharan Africa
Malaysia,2017,3.71472311,1.92218649,48.25491714,5.2,0.95,2.99,4.0,21.62,4.225,8.155,94.0,18.1,75.476,9.09,96.0,MYS,81.1157857142857,MYS,Upper-middle-income countries,East & South Asia
Malaysia,2018,3.75944281,1.92697287,48.74312592,4.4,0.98,3.08,3.4,21.52,4.27,8.108,92.0,18.1,75.644,8.77,98.0,MYS,79.86607142857143,MYS,Upper-middle-income countries,East & South Asia
Malaysia,2019,3.83991051,2.00959897,47.66547012,3.8,1.0,3.16,2.6,21.58,4.312,8.049,92.0,18.45,75.76,8.5,97.0,MYS,79.97992857142857,MYS,Upper-middle-income countries,East & South Asia
Malaysia,2020,4.08395433,2.17674136,46.68740082,3.2,1.04,3.28,3.1,21.13,4.346,7.976,91.0,18.21666666666667,75.938,7.9,95.0,MYS,80.81385714285715,MYS,Upper-middle-income countries,East & South Asia
Malaysia,2021,4.38380671,2.46428084,43.78249359,2.7,1.08,3.41,2.8,21.4625,4.365,7.906000000000001,97.0,18.21666666666667,74.884,6.15,96.0,MYS,82.46199999999999,MYS,Upper-middle-income countries,East & South Asia
Maldives,2017,9.27,6.6,28.38,,1.1,3.45,4.9,45.81,5.336,8.296,34.0,12.18,79.943,7.82,99.0,MDV,87.9702142857143,MDV,Upper-middle-income countries,East & South Asia
Maldives,2018,7.44,5.75,21.54,,1.11,3.5,3.5,48.53,5.044,7.603,33.0,11.83,80.013,6.470000000000001,99.0,MDV,88.18428571428572,MDV,Upper-middle-income countries,East & South Asia
Maldives,2019,7.66,6.0,19.22,,1.12,3.53,2.1,50.32,4.677,6.966,36.0,11.57,80.116,5.12,99.0,MDV,88.13878571428572,MDV,Upper-middle-income countries,East & South Asia
Maldives,2020,11.35,9.08,18.31,,1.18,3.72,8.8,56.69,4.305,6.414,37.0,11.86,79.875,6.470000000000001,98.0,MDV,87.98928571428571,MDV,Upper-middle-income countries,East & South Asia
Maldives,2021,10.03,7.18,15.52,,1.25,3.95,3.0,50.3375,3.993,5.955,38.0,11.86,79.918,6.470000000000001,97.0,MDV,87.14035714285714,MDV,Upper-middle-income countries,East & South Asia
Mali,2017,3.67425752,1.17751467,39.32704544,3.9,2.12,2.87,55.2,452.7,35.709,108.933,55.0,22.75,59.132,163.6,70.0,MLI,36.40300000000001,MLI,Low-income countries,Sub-Saharan Africa
Mali,2018,3.73249912,1.15118277,34.16210556,4.3,2.22,3.0,52.3,439.5,35.155,105.844,53.0,22.56,59.393,150.9,70.0,MLI,38.68242857142857,MLI,Low-income countries,Sub-Saharan Africa
Mali,2019,3.82943797,1.1192745,54.79129791,6.6,2.17,2.93,47.8,428.3,34.56,102.673,52.0,22.34,59.664,144.3,70.0,MLI,40.41178571428572,MLI,Low-income countries,Sub-Saharan Africa
Mali,2020,3.47597885,1.39059198,53.76226044,9.7,2.24,3.02,53.0,440.2,33.935,99.71300000000001,51.0,22.55,58.633,144.8,62.0,MLI,38.23628571428571,MLI,Low-income countries,Sub-Saharan Africa
Mali,2021,4.47341442,1.31211126,41.00059509,12.8,2.36,3.19,55.6,440.175,33.371,96.666,50.0,22.55,58.941,150.9,70.0,MLI,40.03864285714286,MLI,Low-income countries,Sub-Saharan Africa
Malta,2017,8.73,5.49,37.1,2.5,0.3,3.35,4.5,3.78,4.246,6.383,10.0,10.49,83.587,12.21,91.0,MLT,92.86992857142857,MLT,High-income countries,E. Europe & C. Asia
Malta,2018,8.55,5.43,36.51,2.5,0.31,3.49,4.2,4.05,4.161,6.249000000000001,13.0,10.54,83.345,12.07,96.0,MLT,93.90064285714287,MLT,High-income countries,E. Europe & C. Asia
Malta,2019,9.15,5.72,37.48,2.8,0.34,3.75,3.4,4.05,4.057,6.106,22.0,10.53,83.20700000000001,12.04,96.0,MLT,93.41471428571428,MLT,High-income countries,E. Europe & C. Asia
Malta,2020,10.74,7.16,33.3,3.7,0.33,3.74,3.3,2.89,3.954,5.956,31.0,10.520000000000001,83.355,10.95,95.0,MLT,92.33085714285714,MLT,High-income countries,E. Europe & C. Asia
Malta,2021,10.58,7.13,32.63,4.6,0.35,3.94,2.6,3.6925,3.846,5.794,12.0,10.520000000000001,83.777,10.31,90.0,MLT,92.94157142857144,MLT,High-income countries,E. Europe & C. Asia
Mauritania,2017,3.31550789,1.23123157,54.32161331,7.0,1.83,3.73,49.9,457.6,24.784,46.102,97.0,15.95,65.083,88.94,75.0,MRT,50.84585714285714,MRT,Lower-middle-income countries,Sub-Saharan Africa
Mauritania,2018,3.17838526,1.12174058,54.83460617,6.9,1.9,3.87,49.9,461.2,24.225,44.63,93.0,16.02,65.31,88.24,78.0,MRT,51.213,MRT,Lower-middle-income countries,Sub-Saharan Africa
Mauritania,2019,3.30148649,1.24474764,50.45317078,7.0,1.94,3.95,50.4,431.1,23.703,43.236,89.0,16.1,65.687,89.64,75.0,MRT,50.9685,MRT,Lower-middle-income countries,Sub-Saharan Africa
Mauritania,2020,3.38773394,1.4931711,48.91579819,7.5,1.96,3.99,52.1,463.8,23.114,41.842,85.0,16.023333333333333,64.532,88.94,70.0,MRT,50.02857142857142,MRT,Lower-middle-income countries,Sub-Saharan Africa
Mauritania,2021,4.12218571,1.59895992,37.40726089,8.7,2.09,4.27,54.4,453.425,22.58,40.486,81.0,16.023333333333333,64.364,88.94,63.0,MRT,53.44607142857144,MRT,Lower-middle-income countries,Sub-Saharan Africa
Mexico,2017,5.45759058,2.75801325,49.46463013,3.8,0.92,2.9,28.3,52.34,8.547,15.204,23.0,15.74,74.138,62.8,76.0,MEX,78.1372142857143,MEX,Upper-middle-income countries,OECD
Mexico,2018,5.38345814,2.67172027,50.37167358,3.4,0.94,2.97,27.1,55.53,8.66,14.707,23.0,15.61,74.015,58.64,90.0,MEX,79.89921428571428,MEX,Upper-middle-income countries,OECD
Mexico,2019,5.44796371,2.67861629,50.83270264,2.8,0.95,2.98,24.6,57.97,8.589,14.22,23.0,15.6,74.202,50.67,73.0,MEX,77.9175,MEX,Upper-middle-income countries,OECD
Mexico,2020,6.22204065,3.29035473,47.09709167,2.5,0.97,3.07,28.6,59.13,8.368,13.749,23.0,15.65,70.133,44.06,77.0,MEX,76.95864285714286,MEX,Upper-middle-income countries,OECD
Mexico,2021,6.07868719,3.04519415,49.79109573,2.5,1.04,3.29,24.2,56.2425,8.083,13.285,25.0,15.65,70.21300000000001,54.042500000000004,83.0,MEX,77.76671428571429,MEX,Upper-middle-income countries,OECD
Mongolia,2017,4.33954334,2.2598424,39.19178391,5.9,2.07,4.22,29.7,48.13,8.909,17.479,428.0,35.4,70.237,30.08,99.0,MNG,64.06578571428572,MNG,Lower-middle-income countries,East & South Asia
Mongolia,2018,4.53449297,2.09529591,45.25228119,5.7,2.12,4.33,27.9,42.2,8.581,16.495,428.0,35.22,71.199,30.73,99.0,MNG,64.65657142857143,MNG,Lower-middle-income countries,East & South Asia
Mongolia,2019,4.49497843,2.11976218,44.54169083,5.1,2.23,4.55,24.5,39.71,8.336,15.577,428.0,35.03,71.822,30.51,98.0,MNG,64.94921428571429,MNG,Lower-middle-income countries,East & South Asia
Mongolia,2020,4.6662488,2.56925178,44.93967819,6.6,2.33,4.74,24.9,39.49,8.119,14.743,402.0,35.21666666666667,72.141,26.88,97.0,MNG,66.25978571428571,MNG,Lower-middle-income countries,East & South Asia
Mongolia,2021,6.911304,4.53154278,34.10692978,8.0,2.58,5.26,23.5,42.38250000000001,7.847,14.023,414.0,35.21666666666667,70.97500000000001,23.46,95.0,MNG,67.15707142857143,MNG,Lower-middle-income countries,East & South Asia
Montenegro,2017,7.98,4.58,42.61,2.5,1.02,3.21,17.4,5.46,1.681,3.582,14.0,22.83,76.93900000000001,10.06,58.0,MNE,77.518,MNE,Upper-middle-income countries,E. Europe & C. Asia
Montenegro,2018,8.34,4.97,40.45,2.5,1.03,3.24,18.5,5.39,1.465,3.363,15.0,22.47,77.159,9.700000000000001,42.0,MNE,76.4492142857143,MNE,Upper-middle-income countries,E. Europe & C. Asia
Montenegro,2019,8.33,5.07,39.16,2.5,1.11,3.49,15.6,5.82,1.299,3.175,15.0,22.3,77.04,11.44,33.0,MNE,76.03142857142858,MNE,Upper-middle-income countries,E. Europe & C. Asia
Montenegro,2020,11.42,7.13,37.53,2.5,1.09,3.43,15.6,6.17,1.177,3.007,14.0,22.53333333333333,76.257,9.47,24.0,MNE,76.54107142857143,MNE,Upper-middle-income countries,E. Europe & C. Asia
Montenegro,2021,10.55,6.46,38.82,2.5,1.16,3.67,12.5,5.710000000000001,1.092,2.857,14.0,22.53333333333333,76.343,9.55,18.0,MNE,76.23878571428573,MNE,Upper-middle-income countries,E. Europe & C. Asia
Morocco,2017,4.98920393,1.98112547,60.00078583,3.6,1.27,2.6,13.0,80.35000000000001,12.996,21.221,100.0,24.25,73.66,21.66,99.0,MAR,71.00885714285714,MAR,Lower-middle-income countries,MENA
Morocco,2018,4.94516659,1.9875257,59.62752151,3.6,1.3,2.64,12.4,78.01,12.404,20.271,99.0,24.24,73.986,21.66,99.0,MAR,72.6977857142857,MAR,Lower-middle-income countries,MENA
Morocco,2019,4.99129868,2.02342105,58.72442627,4.2,1.3,2.65,11.7,76.36,11.891,19.425,97.0,24.13,74.27,21.66,99.0,MAR,73.31792857142857,MAR,Lower-middle-income countries,MENA
Morocco,2020,5.83834505,2.46564341,55.72185135,5.3,1.32,2.69,13.8,71.85000000000001,11.41,18.631,96.0,24.206666666666663,73.92,21.66,99.0,MAR,72.99585714285715,MAR,Lower-middle-income countries,MENA
Morocco,2021,5.73834944,2.22957587,57.52303696,6.3,1.37,2.79,12.0,76.64250000000001,10.982,17.947,94.0,24.206666666666663,74.042,21.66,99.0,MAR,73.76907142857144,MAR,Lower-middle-income countries,MENA
Mozambique,2017,7.83763266,1.74276435,15.69281483,35.5,2.08,2.81,84.9,177.3,28.449,76.967,361.0,30.93,59.771,158.0,87.0,MOZ,31.2085,MOZ,Low-income countries,Sub-Saharan Africa
Mozambique,2018,8.0889616,1.80703926,15.32885265,29.5,2.06,2.77,85.3,160.3,27.902,74.758,361.0,30.77,60.526,158.0,87.0,MOZ,32.7345,MOZ,Low-income countries,Sub-Saharan Africa
Mozambique,2019,7.95272589,1.84061074,15.45444489,27.0,2.1,2.84,86.5,149.9,27.349,72.028,361.0,30.56,61.166,158.0,87.0,MOZ,34.02249999999999,MOZ,Low-income countries,Sub-Saharan Africa
Mozambique,2020,7.56957626,2.39674187,16.3225708,29.5,2.2,2.97,88.6,127.1,26.78,70.101,361.0,30.753333333333334,61.172,158.0,81.0,MOZ,33.86771428571429,MOZ,Low-income countries,Sub-Saharan Africa
Mozambique,2021,9.05218315,2.57044268,14.08927536,30.5,2.41,3.26,89.2,153.65,26.166,68.084,361.0,30.753333333333334,59.325,158.0,67.0,MOZ,35.46714285714286,MOZ,Low-income countries,Sub-Saharan Africa
Netherlands,2017,10.11,6.5,35.66,2.5,0.2,2.21,1.8,4.98,2.629,4.043,5.2,10.61,81.729,2.77,93.0,NLD,95.23161538461538,NLD,High-income countries,OECD
Netherlands,2018,10.02,6.59,34.24,2.5,0.2,2.27,1.5,3.99,2.625,4.033,5.3,10.36,81.774,2.58,93.0,NLD,95.2749230769231,NLD,High-income countries,OECD
Netherlands,2019,10.14,6.69,33.98,2.5,0.21,2.4,1.6,3.94,2.62,4.017,4.9,10.35,82.046,2.45,94.0,NLD,95.45576923076925,NLD,High-income countries,OECD
Netherlands,2020,11.21,7.72,31.09,2.5,0.22,2.5,1.6,4.31,2.609,3.993,4.1,10.44,81.638,2.35,94.0,NLD,95.51392307692308,NLD,High-income countries,OECD
Netherlands,2021,11.29,7.88,30.26,2.5,0.23,2.54,1.1,4.305,2.588,3.959,4.4,10.44,81.687,2.03,93.0,NLD,95.20507692307693,NLD,High-income countries,OECD
Nicaragua,2017,8.32754421,4.85718918,35.62387466,17.6,1.8,3.67,25.0,76.02,10.498,17.993,44.0,15.56,73.554,82.23,99.0,NIC,76.18878571428571,NIC,Lower-middle-income countries,LAC
Nicaragua,2018,8.4993515,5.17776585,34.91942215,17.4,1.83,3.73,26.9,74.43,10.292,17.382,41.0,15.55,73.85000000000001,82.23,99.0,NIC,75.2315,NIC,Lower-middle-income countries,LAC
Nicaragua,2019,8.56945896,5.27607536,34.84769058,17.5,1.85,3.77,29.2,75.08,10.242,16.807,43.0,15.33,74.054,82.23,99.0,NIC,75.78385714285716,NIC,Lower-middle-income countries,LAC
Nicaragua,2020,8.65219975,5.35035658,33.89159775,17.9,1.88,3.84,30.6,77.88,10.221,16.261,42.0,15.479999999999999,71.795,83.82000000000001,94.0,NIC,75.84957142857142,NIC,Lower-middle-income countries,LAC
Nicaragua,2021,9.68343163,6.13926029,32.27962875,17.8,2.0,4.07,26.8,75.85249999999999,10.042,15.723,42.0,15.479999999999999,73.837,80.64,83.0,NIC,75.36614285714288,NIC,Lower-middle-income countries,LAC
Niger,2017,5.57609606,1.88514483,51.71551132,10.9,2.38,3.22,85.8,433.0,35.047,124.349,90.0,21.28,62.16,149.95,82.0,NER,36.29992857142857,NER,Low-income countries,Sub-Saharan Africa
Niger,2018,5.30310822,1.76657593,54.87833023,11.0,2.35,3.17,83.9,432.0,35.108,123.199,87.0,21.15,62.454,149.95,77.0,NER,36.85542857142857,NER,Low-income countries,Sub-Saharan Africa
Niger,2019,5.66642094,2.02236509,49.06087875,11.9,2.33,3.15,83.2,409.6,35.043,122.202,84.0,20.96,62.897,149.6,79.0,NER,37.34192857142857,NER,Low-income countries,Sub-Saharan Africa
Niger,2020,6.17012262,2.31365919,46.76221085,14.2,2.43,3.28,84.7,441.1,34.92,121.01,82.0,21.13,61.451,150.3,79.0,NER,36.82307142857142,NER,Low-income countries,Sub-Saharan Africa
Niger,2021,5.81452751,2.12211633,49.20999527,16.1,2.64,3.56,86.8,428.92499999999995,34.703,119.296,79.0,21.13,61.576,149.95,80.0,NER,37.73257142857143,NER,Low-income countries,Sub-Saharan Africa
Nigeria,2017,3.74762511,0.53266305,78.19173431,10.1,1.41,2.88,74.3,1127.0,36.682,122.375,219.0,17.28,52.305,106.5,54.0,NGA,27.30092307692308,NGA,Lower-middle-income countries,Sub-Saharan Africa
Nigeria,2018,3.09069347,0.49754828,76.73253632,10.6,1.47,3.01,75.1,1135.0,36.349,119.919,219.0,17.08,52.554,87.36,56.0,NGA,27.7996923076923,NGA,Lower-middle-income countries,Sub-Saharan Africa
Nigeria,2019,2.98547053,0.46980387,72.51712799,12.4,1.53,3.12,76.0,1122.0,35.854,116.929,219.0,16.9,52.91,80.95,58.0,NGA,28.61892307692307,NGA,Lower-middle-income countries,Sub-Saharan Africa
Nigeria,2020,3.38063431,0.50597858,75.44963837,14.2,1.59,3.24,78.0,1047.0,35.291,113.942,219.0,17.086666666666666,52.887,74.63,60.0,NGA,31.73953846153846,NGA,Lower-middle-income countries,Sub-Saharan Africa
Nigeria,2021,4.07625723,0.54102808,78.86326599,15.9,1.71,3.49,78.5,1107.75,34.807,110.619,219.0,17.086666666666666,52.676,87.36,60.0,NGA,30.50246153846153,NGA,Lower-middle-income countries,Sub-Saharan Africa
North Macedonia,2017,6.44,3.76,41.52,3.1,1.04,3.29,23.9,3.29,6.73,9.507,13.0,23.59,76.477,15.82,83.0,MKD,79.84357142857144,MKD,Upper-middle-income countries,E. Europe & C. Asia
North Macedonia,2018,6.46,3.76,41.81,2.8,1.05,3.3,21.1,2.88,5.533,8.217,13.0,23.17,77.31400000000001,15.54,75.0,MKD,79.74392857142857,MKD,Upper-middle-income countries,E. Europe & C. Asia
North Macedonia,2019,7.07,4.26,39.75,2.9,1.11,3.48,19.7,3.09,4.377,7.004,12.0,22.73,77.293,15.58,75.0,MKD,79.81871428571428,MKD,Upper-middle-income countries,E. Europe & C. Asia
North Macedonia,2020,7.73,4.67,39.6,3.2,1.12,3.51,21.5,3.04,3.416,5.993,12.0,23.163333333333338,75.168,16.21,63.0,MKD,78.10892857142858,MKD,Upper-middle-income countries,E. Europe & C. Asia
North Macedonia,2021,8.52,4.64,45.51,3.6,1.23,3.86,19.0,3.075,2.703,5.222,11.0,23.163333333333338,73.84100000000001,14.85,70.0,MKD,79.54550000000002,MKD,Upper-middle-income countries,E. Europe & C. Asia
Norway,2017,10.23,8.71,14.88,2.5,0.3,3.32,1.9,2.15,1.486,2.538,5.2,9.21,82.624,2.99,96.0,NOR,97.176,NOR,High-income countries,OECD
Norway,2018,9.96,8.54,14.3,2.5,0.31,3.43,1.7,1.99,1.439,2.455,4.1,8.950000000000001,82.76,2.54,96.0,NOR,97.02023076923078,NOR,High-income countries,OECD
Norway,2019,10.44,8.95,14.28,2.5,0.32,3.53,1.5,1.94,1.397,2.376,3.3,8.69,82.955,2.26,97.0,NOR,97.23046153846154,NOR,High-income countries,OECD
Norway,2020,11.42,9.82,14.03,2.5,0.32,3.62,1.9,1.66,1.36,2.302,3.1,8.950000000000001,83.19500000000001,1.64,97.0,NOR,96.97046153846154,NOR,High-income countries,OECD
Norway,2021,10.08,8.66,14.1,2.5,0.33,3.63,1.7,1.935,1.325,2.231,3.0,8.950000000000001,83.234,1.69,97.0,NOR,97.23207692307693,NOR,High-income countries,OECD
Pakistan,2017,2.7863009,0.91277039,61.76627731,10.8,1.43,2.93,57.8,176.6,43.618,71.59400000000001,267.0,30.14,66.297,47.5,76.0,PAK,44.57092307692308,PAK,Lower-middle-income countries,East & South Asia
Pakistan,2018,2.82844949,0.93591464,59.98044968,11.0,1.43,2.91,56.5,177.7,42.664,69.437,265.0,29.76,66.482,54.0,79.0,PAK,45.23923076923078,PAK,Lower-middle-income countries,East & South Asia
Pakistan,2019,2.84736943,0.94301248,59.57073212,13.1,1.46,2.97,58.1,179.3,41.708,67.275,263.0,29.41,66.756,47.5,81.0,PAK,44.59853846153846,PAK,Lower-middle-income countries,East & South Asia
Pakistan,2020,2.95273018,1.03954744,58.48335648,16.0,1.55,3.16,60.2,154.2,40.71,65.12,257.0,29.77,66.269,47.5,83.0,PAK,44.93423076923077,PAK,Lower-middle-income countries,East & South Asia
Pakistan,2021,2.91131568,0.84496921,60.65163803,18.5,1.64,3.34,58.7,171.95,39.719,63.009,266.0,29.77,66.098,41.0,81.0,PAK,45.52076923076924,PAK,Lower-middle-income countries,East & South Asia
Peru,2017,4.8808279,3.03438616,37.58576965,6.3,1.04,3.28,33.5,60.82,8.375,16.455,119.0,9.91,75.879,45.63,87.0,PER,80.01278571428573,PER,Upper-middle-income countries,LAC
Peru,2018,5.15967131,3.17308927,38.30327988,5.9,1.03,3.26,30.4,62.55,8.354000000000001,16.224,119.0,9.81,76.009,42.68,86.0,PER,80.10021428571427,PER,Upper-middle-income countries,LAC
Peru,2019,5.17916393,3.25723219,36.91308594,6.2,1.05,3.3,28.9,72.0,8.312,15.986,119.0,9.74,76.156,39.41,85.0,PER,80.76942857142856,PER,Upper-middle-income countries,LAC
Peru,2020,6.28521156,4.32614946,30.95219994,6.5,1.06,3.33,42.9,68.54,8.221,15.748,115.0,9.82,73.665,40.78,77.0,PER,77.67892857142856,PER,Upper-middle-income countries,LAC
Peru,2021,6.15173197,3.9896729,34.90298462,7.0,1.13,3.55,33.9,65.9775,8.08,15.427,128.0,9.82,72.377,33.72,78.0,PER,78.54835714285714,PER,Upper-middle-income countries,LAC
Philippines,2017,3.96,1.48,60.37,6.4,1.66,3.38,48.1,84.12,13.779,27.871,554.0,24.6,71.516,47.0,78.0,PHL,60.12978571428572,PHL,Lower-middle-income countries,East & South Asia
Philippines,2018,3.95,1.54,60.83,5.4,1.72,3.52,46.9,82.29,14.043,27.954,554.0,24.56,71.68900000000001,47.0,77.0,PHL,60.4252142857143,PHL,Lower-middle-income countries,East & South Asia
Philippines,2019,4.17,1.69,58.99,5.0,1.75,3.57,45.7,80.73,14.279,28.047,554.0,24.53,71.865,47.0,73.0,PHL,60.576,PHL,Lower-middle-income countries,East & South Asia
Philippines,2020,5.16,2.33,54.06,5.1,1.78,3.62,51.9,78.24,14.399,28.021,544.0,24.563333333333333,72.119,47.0,72.0,PHL,58.65949999999999,PHL,Lower-middle-income countries,East & South Asia
Philippines,2021,5.87,2.31,55.19,5.2,1.88,3.84,51.4,81.34500000000001,14.377,27.871,596.0,24.563333333333333,69.266,47.0,57.0,PHL,57.685,PHL,Lower-middle-income countries,East & South Asia
Poland,2017,6.58,4.53,31.15,2.5,0.26,2.95,17.2,1.88,2.78,4.635,17.0,18.19,77.721,10.96,94.0,POL,87.32271428571428,POL,High-income countries,OECD
Poland,2018,6.31,4.49,28.86,2.5,0.27,3.03,14.9,1.87,2.74,4.527,16.0,17.4,77.628,10.3,93.0,POL,87.32642857142858,POL,High-income countries,OECD
Poland,2019,6.46,4.61,28.56,2.5,0.29,3.25,10.4,1.89,2.717,4.441,15.0,16.97,77.927,9.4,93.0,POL,87.79042857142859,POL,High-income countries,OECD
Poland,2020,6.5,4.67,28.04,2.5,0.3,3.38,9.8,1.96,2.706,4.39,9.4,17.52,76.94200000000001,8.15,80.0,POL,85.93478571428571,POL,High-income countries,OECD
Poland,2021,6.44,4.64,27.84,2.5,0.31,3.43,8.0,1.9,2.7,4.389,10.0,17.52,76.45700000000001,6.79,71.0,POL,85.18785714285715,POL,High-income countries,OECD
Portugal,2017,9.31,5.69,38.77,2.5,0.24,2.64,18.9,11.17,2.015,3.594,20.0,11.29,81.498,7.82,98.0,PRT,91.92821428571428,PRT,High-income countries,OECD
Portugal,2018,9.41,5.76,38.77,2.5,0.24,2.73,16.2,10.98,1.946,3.537,21.0,11.38,81.395,7.350000000000001,99.0,PRT,92.14964285714288,PRT,High-income countries,OECD
Portugal,2019,9.51,5.78,39.15,2.5,0.25,2.85,13.1,11.33,1.872,3.452,19.0,10.99,81.70100000000001,7.63,99.0,PRT,92.75271428571429,PRT,High-income countries,OECD
Portugal,2020,10.55,6.77,35.7,2.5,0.26,2.87,14.0,11.8,1.797,3.351,16.0,11.22,81.055,6.55,99.0,PRT,92.05242857142856,PRT,High-income countries,OECD
Portugal,2021,11.14,7.03,36.79,2.5,0.27,2.99,13.1,11.32,1.712,3.249,16.0,11.22,81.044,5.75,98.0,PRT,92.95114285714286,PRT,High-income countries,OECD
Rwanda,2017,6.38999748,2.2288599,25.78299713,31.4,2.29,3.09,80.1,274.7,18.969,44.703,58.0,20.25,65.941,35.15,97.0,RWA,57.14042857142856,RWA,Low-income countries,Sub-Saharan Africa
Rwanda,2018,6.69894743,2.34174061,25.87659073,31.8,2.18,2.94,76.6,281.4,18.562,43.393,59.0,20.25,66.251,31.79,98.0,RWA,58.22442857142856,RWA,Low-income countries,Sub-Saharan Africa
Rwanda,2019,6.34386826,2.51631737,26.95556068,32.7,2.23,3.01,74.9,281.3,18.15,42.035,57.0,20.23,66.437,32.75333333333333,96.0,RWA,57.87585714285716,RWA,Low-income countries,Sub-Saharan Africa
Rwanda,2020,7.47530079,3.02292728,23.77607918,32.4,2.37,3.2,78.0,258.9,17.748,40.545,57.0,20.243333333333336,66.774,32.75333333333333,91.0,RWA,58.08578571428571,RWA,Low-income countries,Sub-Saharan Africa
Rwanda,2021,7.32305002,2.98952579,23.32616425,31.6,2.39,3.22,74.6,274.07499999999993,17.406,39.195,56.0,20.243333333333336,66.072,31.32,87.0,RWA,62.01635714285715,RWA,Low-income countries,Sub-Saharan Africa
Sao Tome and Principe,2017,6.46181059,2.97378111,16.0779705,15.3,1.14,2.33,49.0,143.5,9.35,19.383,117.0,21.36,68.267,93.47,90.0,STP,62.51569230769231,STP,Lower-middle-income countries,Sub-Saharan Africa
Sao Tome and Principe,2018,5.50957823,2.44251728,18.45555305,15.3,1.18,2.4,48.7,149.2,8.712,18.002,124.0,21.1,68.355,86.06,95.0,STP,63.71653846153846,STP,Lower-middle-income countries,Sub-Saharan Africa
Sao Tome and Principe,2019,5.29584646,2.1570518,18.9268055,14.9,1.22,2.48,48.8,142.4,8.164,16.871,114.0,20.97,68.523,89.765,95.0,STP,65.19846153846153,STP,Lower-middle-income countries,Sub-Saharan Africa
Sao Tome and Principe,2020,7.30042553,2.95996237,13.68980312,13.5,1.26,2.57,49.0,146.2,7.725000000000001,15.949,115.0,21.143333333333334,67.785,89.765,86.0,STP,63.92269230769231,STP,Lower-middle-income countries,Sub-Saharan Africa
Sao Tome and Principe,2021,7.82528496,3.35472345,13.43612194,13.1,1.33,2.72,49.3,145.325,7.337,15.126,114.0,21.143333333333334,67.59100000000001,89.765,77.0,STP,66.81392307692307,STP,Lower-middle-income countries,Sub-Saharan Africa
Serbia,2017,8.22039318,4.72497892,42.32918549,2.5,1.13,3.56,24.2,12.01,3.698,5.91,19.0,22.71,76.21300000000001,15.17,86.0,SRB,80.51392857142856,SRB,Upper-middle-income countries,E. Europe & C. Asia
Serbia,2018,8.53168106,5.06508875,39.94755936,2.5,1.16,3.64,10.2,11.47,3.629,5.802,17.0,21.98,76.511,14.0,92.0,SRB,83.27142857142856,SRB,Upper-middle-income countries,E. Europe & C. Asia
Serbia,2019,8.66552734,5.05642891,39.99972534,2.5,1.22,3.84,13.1,10.47,3.564,5.691,14.0,21.95,76.70400000000001,13.64,87.0,SRB,83.91585714285713,SRB,Upper-middle-income countries,E. Europe & C. Asia
Serbia,2020,8.70042133,5.3023901,38.29056168,2.5,1.22,3.85,11.6,10.18,3.477,5.547,14.0,22.213333333333335,75.406,13.6,78.0,SRB,82.2047857142857,SRB,Upper-middle-income countries,E. Europe & C. Asia
Serbia,2021,10.0125246,6.26030159,37.33397675,2.5,1.27,3.99,8.7,11.0325,3.347,5.344,14.0,22.213333333333335,74.19200000000001,13.42,75.0,SRB,81.36314285714286,SRB,Upper-middle-income countries,E. Europe & C. Asia
Sierra Leone,2017,9.3997612,0.85096204,56.18978882,25.7,1.99,2.69,62.2,520.3,33.87,120.996,301.0,23.69,58.652,103.6,80.0,SLE,33.85092857142857,SLE,Low-income countries,Sub-Saharan Africa
Sierra Leone,2018,8.28987598,0.7686792,61.85616684,26.8,2.07,2.8,62.3,459.5,33.158,116.576,298.0,23.72,59.796,101.9,87.0,SLE,36.1895,SLE,Low-income countries,Sub-Saharan Africa
Sierra Leone,2019,9.12992668,1.24274659,54.20046234,27.5,2.0,2.7,58.2,435.2,32.567,112.199,295.0,23.55,60.255,102.75,93.0,SLE,36.47642857142857,SLE,Low-income countries,Sub-Saharan Africa
Sierra Leone,2020,9.32588673,1.36407745,53.46459198,27.3,2.03,2.74,60.5,442.8,31.97,108.249,292.0,23.653333333333332,59.763,102.75,87.0,SLE,35.94478571428571,SLE,Low-income countries,Sub-Saharan Africa
Sierra Leone,2021,8.55334282,1.93579912,51.69986725,27.8,2.22,3.0,61.8,464.45,31.4,104.409,289.0,23.653333333333332,60.062,102.75,87.0,SLE,41.78014285714286,SLE,Low-income countries,Sub-Saharan Africa
Slovenia,2017,8.18,5.88,28.2,2.5,0.23,2.6,3.7,4.43,1.413,2.497,6.100000000000001,12.26,81.071,4.02,93.0,SVN,91.69769230769231,SVN,High-income countries,OECD
Slovenia,2018,8.28,5.99,27.59,2.5,0.24,2.7,2.6,4.37,1.391,2.449,5.4,12.08,81.358,3.84,93.0,SVN,92.16784615384616,SVN,High-income countries,OECD
Slovenia,2019,8.5,6.15,27.63,2.5,0.25,2.85,2.3,3.47,1.37,2.413,5.3,11.45,81.604,4.57,94.0,SVN,93.41938461538463,SVN,High-income countries,OECD
Slovenia,2020,9.43,6.85,27.2,2.5,0.27,2.98,2.0,4.53,1.355,2.382,4.1,11.93,80.441,4.23,94.0,SVN,92.77623076923078,SVN,High-income countries,OECD
Slovenia,2021,9.48,6.94,26.58,2.5,0.27,3.02,1.7,4.2,1.337,2.353,4.3,11.93,80.69,3.44,92.0,SVN,92.84792307692307,SVN,High-income countries,OECD
Spain,2017,8.94491291,6.30689526,29.49181938,2.5,0.23,2.53,10.9,3.97,1.883,3.243,11.0,10.03,83.029,7.03,98.0,ESP,94.21876923076924,ESP,High-income countries,OECD
Spain,2018,8.99686718,6.31798935,29.77567673,2.5,0.23,2.57,10.8,4.05,1.86,3.21,11.0,9.75,83.144,6.22,98.0,ESP,94.89053846153845,ESP,High-income countries,OECD
Spain,2019,9.1456852,6.45209455,29.45203781,2.5,0.24,2.71,10.2,3.17,1.836,3.17,9.9,9.61,83.532,5.96,98.0,ESP,94.80892307692308,ESP,High-income countries,OECD
Spain,2020,10.74565983,7.85987377,26.85536766,2.5,0.25,2.75,10.6,3.44,1.807,3.124,7.2,9.796666666666667,82.289,5.33,96.0,ESP,94.52061538461538,ESP,High-income countries,OECD
Spain,2021,10.74003887,7.69035435,28.39546585,2.5,0.26,2.91,9.3,3.6574999999999998,1.768,3.07,8.2,9.796666666666667,83.01,4.59,95.0,ESP,94.66376923076925,ESP,High-income countries,OECD
Suriname,2017,5.32285929,3.09932327,41.18689728,9.7,1.4,4.42,19.6,99.23,12.076,19.385,28.0,21.59,72.417,57.72,76.0,SUR,72.1745,SUR,Upper-middle-income countries,LAC
Suriname,2018,6.68795872,4.56326962,30.454216,9.2,1.48,4.65,18.6,97.63,11.685,18.809,38.0,22.45,72.553,53.91,77.0,SUR,73.06971428571428,SUR,Upper-middle-income countries,LAC
Suriname,2019,8.70230103,6.14175844,28.84096146,9.0,1.51,4.75,18.9,100.0,11.326,18.252,29.0,22.74,72.242,50.22,64.0,SUR,71.76107142857143,SUR,Upper-middle-income countries,LAC
Suriname,2020,6.84054422,4.37696552,34.95806503,9.1,1.62,5.11,24.8,96.46000000000001,11.006,17.725,29.0,22.26,72.561,49.08,45.0,SUR,69.67978571428571,SUR,Upper-middle-income countries,LAC
Suriname,2021,5.6838975,3.33166146,38.9372139,9.0,1.72,5.42,25.9,98.33000000000001,10.677,17.183,29.0,22.26,70.274,45.87,58.0,SUR,69.87707142857143,SUR,Upper-middle-income countries,LAC
Sweden,2017,10.79,9.14,15.29,2.5,0.24,2.71,3.5,4.51,1.499,2.764,5.600000000000001,8.97,82.438,4.33,97.0,SWE,96.302,SWE,High-income countries,OECD
Sweden,2018,10.94,9.28,15.22,2.5,0.25,2.77,4.1,4.53,1.47,2.7,5.4,8.52,82.533,4.21,97.0,SWE,96.40566666666668,SWE,High-income countries,OECD
Sweden,2019,10.83,9.22,14.88,2.5,0.26,2.91,3.5,4.53,1.449,2.639,5.4,8.38,83.052,3.38,97.0,SWE,96.75808333333333,SWE,High-income countries,OECD
Sweden,2020,11.33,9.77,13.82,2.5,0.27,3.0,2.9,4.51,1.432,2.583,3.5,8.623333333333335,82.427,2.84,97.0,SWE,96.49816666666665,SWE,High-income countries,OECD
Sweden,2021,11.25,9.66,14.08,2.5,0.28,3.1,3.6,4.52,1.412,2.531,3.8,8.623333333333335,82.983,2.43,97.0,SWE,96.92075000000001,SWE,High-income countries,OECD
Switzerland,2017,11.0451622,3.73826313,66.15475464,2.5,0.21,2.39,1.3,6.140000000000001,2.871,4.137,7.2,8.25,83.412,2.4,95.0,CHE,96.318,CHE,High-income countries,OECD
Switzerland,2018,10.77226162,3.68356085,65.80513,2.5,0.22,2.45,1.6,7.43,2.841,4.081,6.4,8.08,83.561,2.32,95.0,CHE,96.3945,CHE,High-income countries,OECD
Switzerland,2019,11.06363678,3.72409916,66.3392868,2.5,0.23,2.55,1.4,7.100000000000001,2.834,4.042,5.4,7.890000000000001,83.78,1.97,95.0,CHE,96.59316666666666,CHE,High-income countries,OECD
Switzerland,2020,11.73206806,4.21294785,64.0903244,2.5,0.23,2.59,1.3,7.38,2.842,4.022,4.7,8.073333333333332,83.06700000000001,1.65,97.0,CHE,96.70441666666665,CHE,High-income countries,OECD
Switzerland,2021,11.80107975,4.27358341,63.78650284,2.5,0.24,2.65,1.2,7.0125,2.862,4.019,4.7,8.073333333333332,83.987,1.31,95.0,CHE,96.06891666666667,CHE,High-income countries,OECD
Thailand,2017,3.85276842,2.7754643,27.87630081,6.8,1.28,4.03,21.1,28.73,5.264,9.643,156.0,13.8,78.394,37.28,99.0,THA,78.79635714285715,THA,Upper-middle-income countries,East & South Asia
Thailand,2018,3.87040329,2.74278641,28.98598862,6.5,1.3,4.1,21.9,28.8,5.085,9.334,153.0,13.77,78.662,32.97,96.0,THA,79.27192857142859,THA,Upper-middle-income countries,East & South Asia
Thailand,2019,3.78911877,2.71524906,28.22701263,6.0,1.35,4.25,19.6,28.84,4.926,9.015,150.0,13.73,78.97500000000001,29.7,96.0,THA,79.79571428571428,THA,Upper-middle-income countries,East & South Asia
Thailand,2020,4.35728741,3.06596684,29.55669212,5.6,1.39,4.39,19.7,28.6,4.759,8.696,146.0,13.766666666666666,79.274,27.41,96.0,THA,79.86292857142858,THA,Upper-middle-income countries,East & South Asia
Thailand,2021,5.16038752,3.63095593,29.54946327,5.2,1.44,4.53,18.3,28.7425,4.613,8.398,146.0,13.766666666666666,78.715,23.51,96.0,THA,81.16957142857144,THA,Upper-middle-income countries,East & South Asia
Tunisia,2017,6.18557453,3.32096052,45.84419632,2.6,1.79,3.66,7.7,38.0,11.557,16.338,34.0,15.81,75.845,7.06,98.0,TUN,72.56661538461539,TUN,Lower-middle-income countries,MENA
Tunisia,2018,5.9375186,3.09317708,47.42088318,2.5,1.84,3.74,7.2,39.02,10.923,15.422,35.0,15.8,75.95,6.47,96.0,TUN,76.92684615384617,TUN,Lower-middle-income countries,MENA
Tunisia,2019,6.02461243,3.56713367,40.76102448,2.5,1.87,3.82,6.9,39.82,10.195,14.385,35.0,15.73,75.993,6.2,98.0,TUN,77.61523076923078,TUN,Lower-middle-income countries,MENA
Tunisia,2020,7.05024958,4.31009293,38.42872238,2.8,1.88,3.83,8.1,36.63,9.437,13.305,36.0,15.780000000000001,75.292,5.100000000000001,98.0,TUN,78.46807692307695,TUN,Lower-middle-income countries,MENA
Tunisia,2021,6.97273922,4.12733793,38.81744003,3.0,1.98,4.03,7.3,38.3675,8.719,12.307,36.0,15.780000000000001,73.772,4.04,95.0,TUN,77.44492307692308,TUN,Lower-middle-income countries,MENA
Uganda,2017,3.99788952,0.63855743,40.88721466,35.5,2.31,3.12,74.3,312.9,21.036,50.045,201.0,21.27,62.115,111.4,83.0,UGA,45.30721428571429,UGA,Low-income countries,Sub-Saharan Africa
Uganda,2018,4.02080536,0.67447674,39.71256638,34.1,2.28,3.08,73.0,283.3,20.429,47.689,200.0,21.14,62.714,111.4,86.0,UGA,47.26314285714285,UGA,Low-income countries,Sub-Saharan Africa
Uganda,2019,3.79834843,0.57418674,42.86341476,32.5,2.25,3.04,72.1,291.6,19.867,45.537,200.0,21.17,62.991,111.4,87.0,UGA,49.05821428571429,UGA,Low-income countries,Sub-Saharan Africa
Uganda,2020,4.30198574,0.94001567,38.09126282,31.5,2.24,3.03,72.0,284.1,19.358,43.576,199.0,21.19333333333333,62.851,111.4,89.0,UGA,49.15564285714287,UGA,Low-income countries,Sub-Saharan Africa
Uganda,2021,4.67196703,1.05270064,35.01169968,31.6,2.33,3.15,71.4,292.975,18.844,41.986,199.0,21.19333333333333,62.705,111.4,90.0,UGA,51.99835714285715,UGA,Low-income countries,Sub-Saharan Africa
United Arab Emirates,2017,4.00854969,2.19714189,45.18860626,4.3,0.22,2.42,1.0,8.59,3.837,7.005,0.84,19.27,79.504,4.74,97.0,ARE,85.77807692307692,ARE,High-income countries,MENA
United Arab Emirates,2018,4.09854221,2.1139648,48.42153931,3.8,0.22,2.5,2.5,9.05,3.556,6.652,1.0,18.8,79.627,4.97,99.0,ARE,85.9496923076923,ARE,High-income countries,MENA
United Arab Emirates,2019,4.38618946,2.2531426,48.63098526,3.4,0.23,2.55,2.1,9.43,3.27,6.293,1.0,18.5,79.726,3.57,99.0,ARE,87.3516153846154,ARE,High-income countries,MENA
United Arab Emirates,2020,5.82477045,3.55229998,39.01390076,2.7,0.24,2.74,0.0,9.34,3.01,5.94,0.77,18.856666666666666,78.946,3.36,90.0,ARE,85.6076153846154,ARE,High-income countries,MENA
United Arab Emirates,2021,5.30695152,3.40211678,35.89320374,2.5,0.26,2.86,0.0,9.1025,2.79,5.608000000000001,0.81,18.856666666666666,78.71000000000001,3.21,96.0,ARE,88.52138461538462,ARE,High-income countries,MENA
United Kingdom,2017,9.5958786,7.75117588,19.21133232,2.5,0.15,1.7,3.2,8.52,2.79,4.4,8.9,10.76,81.168,12.62,92.0,GBR,93.35583333333334,GBR,High-income countries,OECD
United Kingdom,2018,9.73079777,7.79163742,19.91610527,2.5,0.16,1.75,3.7,9.21,2.822,4.365,8.1,10.53,81.125,11.86,92.0,GBR,93.73,GBR,High-income countries,OECD
United Kingdom,2019,9.95761967,7.9679575,19.96960068,2.5,0.16,1.83,3.5,9.22,2.836,4.32,8.1,10.3,81.72500000000001,11.06,91.0,GBR,93.88274999999999,GBR,High-income countries,OECD
United Kingdom,2020,12.15863419,10.17722607,16.28620911,2.5,0.17,1.86,2.7,9.84,2.822,4.259,7.0,10.53,80.434,9.82,91.0,GBR,92.9085,GBR,High-income countries,OECD
United Kingdom,2021,12.36469936,10.34801674,16.29966164,2.5,0.17,1.93,3.0,9.197500000000002,2.783,4.184,8.0,10.53,80.742,8.3,91.0,GBR,93.35924999999999,GBR,High-income countries,OECD
United States,2017,16.76750183,8.57973289,48.83118439,2.5,0.19,2.17,5.0,19.14,3.783,6.611,3.0,13.78,78.821,18.36,91.0,USA,88.64453846153847,USA,High-income countries,OECD
United States,2018,16.62964439,8.55544376,48.55305481,2.5,0.2,2.18,4.7,19.45,3.767,6.531,3.0,13.64,78.99,16.9,92.0,USA,88.81946153846155,USA,High-income countries,OECD
United States,2019,16.66580582,8.63399315,48.193367,2.5,0.2,2.2,4.2,19.85,3.736,6.456,2.9,13.56,79.138,16.04,90.0,USA,88.6273076923077,USA,High-income countries,OECD
United States,2020,18.75621986,10.69257355,42.99185181,2.5,0.2,2.28,3.2,21.08,3.621,6.389,2.3,13.660000000000002,77.414,14.72,91.0,USA,88.55823076923079,USA,High-income countries,OECD
United States,2021,17.3625679,9.61942768,44.59674835,2.5,0.21,2.36,2.5,19.880000000000003,3.403,6.325,2.6,13.660000000000002,77.19800000000001,13.64,92.0,USA,88.30015384615386,USA,High-income countries,OECD
Uruguay,2017,8.82179642,6.11313868,30.69737816,2.5,0.26,2.87,31.1,16.4,4.867,8.048,31.0,16.15,77.625,31.542500000000004,96.0,URY,84.4675,URY,High-income countries,LAC
Uruguay,2018,9.01452351,6.2308383,30.88000488,2.5,0.26,2.96,32.6,18.06,4.831,7.656000000000001,34.0,16.89,77.611,37.34,96.0,URY,84.65342857142858,URY,High-income countries,LAC
Uruguay,2019,9.39027691,6.25397635,33.39944839,2.5,0.27,3.04,33.3,20.07,4.776,7.325,35.0,16.46,77.508,32.95,96.0,URY,85.7227857142857,URY,High-income countries,LAC
Uruguay,2020,9.13688469,6.54352617,28.38340378,2.5,0.28,3.19,38.2,18.64,4.682,7.048,32.0,16.5,78.43,29.1,95.0,URY,85.63135714285714,URY,High-income countries,LAC
Uruguay,2021,9.3592062,6.93183422,25.93551254,2.5,0.3,3.31,37.8,18.292499999999997,4.524,6.822,32.0,16.5,75.436,26.78,93.0,URY,85.43492857142857,URY,High-income countries,LAC
Uzbekistan,2017,4.84,2.01,57.45,2.5,2.02,4.11,19.7,29.71,9.732,17.343,73.0,26.45,71.01,19.01,99.0,UZB,75.28476923076923,UZB,Lower-middle-income countries,E. Europe & C. Asia
Uzbekistan,2018,5.08,1.94,61.02,2.5,2.11,4.3,18.0,30.71,9.231,16.365,70.0,25.93,71.149,1.01,96.0,UZB,76.09230769230768,UZB,Lower-middle-income countries,E. Europe & C. Asia
Uzbekistan,2019,5.43,2.26,58.36,2.5,2.19,4.48,16.4,29.84,8.779,15.505,67.0,25.3,71.34400000000001,2.03,96.0,UZB,76.22876923076923,UZB,Lower-middle-income countries,E. Europe & C. Asia
Uzbekistan,2020,6.75,3.12,53.79,2.5,2.31,4.71,17.3,30.18,8.355,14.725,66.0,25.89333333333333,70.331,15.83,96.0,UZB,74.79607692307692,UZB,Lower-middle-income countries,E. Europe & C. Asia
Uzbekistan,2021,7.74,3.03,60.78,2.5,2.49,5.09,15.7,30.11,7.961,13.994,72.0,25.89333333333333,70.862,34.28,99.0,UZB,75.54715384615385,UZB,Lower-middle-income countries,E. Europe & C. Asia
